id,type,rooms,bathrooms,squaremeters,floor,furnished,image,description,price,typenum,furnishednum,prediction
0,apartment,2,1,40,3,yes,html/img/houses/3.jpeg,"Beautiful rooms with a view of the rooftops of Rennes, Sainte Thérèse district. Within walking distance of the metro (line a) and the bus (line 12). A small equipped kitchen, as well as a shower room and WC are on the same floor as the 2 bedrooms.",1600,3,1,769.7292191839442
1,apartment,1,1,9,-1,yes,html/img/houses/2.jpg,"Furnished room, very good standing, renovated, double glazing, good insulation, close to shops, STAR bus, metro, train station, school",355,3,1,553.4258357271319
2,apartment,4,1,107,3,no,html/img/houses/1.jpg,"This 110 m² flat comprises an entrance hall, a very bright living room, a fitted and equipped kitchen (hob, oven, fridge, dishwasher), 3 bedrooms with cupboards, a shower room, a bathroom and a toilet. It also has 3 attics and two cellars.",1650,3,0,1158.5545096490378
3,apartment,2,1,46,0,no,html/img/houses/3.jpg,"Apartment Type 2 in Volney district including an entrance with closet, living room with cupboard overlooking a terrace, fitted and equipped kitchen, bedroom, bathroom, toilet, box in the basement.",640,3,0,749.6826209577472
4,apartment,2,2,85,0,yes,html/img/houses/4.jpg,"It is offered for rent a modern apartment renovated, furnished and equipped, with 2 double and luxurious bedrooms, and 2 bathrooms very spacious.Pets are also allowed if the strict hygiene measures in the apartment are respected. ",950,3,1,1004.3606008391571
5,apartment,2,1,36,3,yes,html/img/houses/5.jpg,"Rennes centre, flat T2. Exclusive furnished rental. Tastefully arranged and furnished, it is located on the 3rd and last floor of a quiet and secure residence. Close to transport and shops, it is bright and south-facing. It has a beautiful living room with an open plan kitchen, fitted and equipped (induction hob, oven, fridge...), a bedroom with storage space, a shower room and a separate toilet.",791,3,1,748.2231713793464
6,apartment,1,1,25,1,no,html/img/houses/6.jpg,"Type 1 of 25 m² on the 1st floor, entrance with cupboard, Living room, Equipped kitchen, bathroom with c wc, Parking",450,3,0,605.5027232836139
7,room,1,1,12,1,no,html/img/houses/7.jpg,"Furnished room with shared fitted and equipped kitchen, private shower room, 1 shared toilet, green spaces, close to shops, STAR bus, metro, train station",440,1,0,73.16926225906809
8,apartment,2,1,56,1,no,html/img/houses/8.jpg,"Surface of 56.32m² with balcony and parking- Living room 35m², 1 bedroom, bathroom - balcony (18.20m²)",720,3,0,807.1194137234786
9,room,4,1,65,1,yes,html/img/houses/9.jpg,"1 room(s) available in a 4-bedroom flat share in a 65m2 flat. Flat on the 1st floor with 4 bedrooms, a shared bathroom and a shared kitchen. All perfectly furnished and equipped with washing machine, dishwasher, tumble dryer, microwave, oven, hob etc. Metro 10 minutes walk away, bus at the door, bike room, large free parking in front of the building and shops in the immediate vicinity.",315,1,1,504.2495057030669
10,apartment,1,1,44,1,yes,html/img/houses/10.jpg,"furnished flat with living room, fitted and equipped kitchen, 1 bedroom, balcony, location: garage, green spaces",700,3,1,748.9471005258367
11,apartment,5,1,132,1,no,html/img/houses/11.jpg,"T5 flat, bright, location: private parking, cupboards and storage space, close to shops, STAR bus, metro, school, Faculty of Law, possibility of sharing",2000,3,0,1320.568781873532
12,apartment,1,1,14,1,yes,html/img/houses/12.jpg,SMALL FURNISHED STUDIO WITH A SURFACE AREA OF 14 M2 COMPRISING A MAIN ROOM WITH A KITCHENETTE - A SHOWER ROOM - COMMON TOILET ON THE LANDING VERY QUIET - GARDEN SIDE - SOUTH FACING,425,3,1,587.651741991353
13,room,1,1,9,-1,yes,html/img/houses/13.jpg,"Furnished room, bright and sunny, in good condition, double glazing, good insulation, close to shops, amenities, STAR bus",285,1,1,90.98703006752896
14,apartment,1,1,57,-1,yes,html/img/houses/14.jpg,"It is offered for rent a modern apartment renovated, furnished and equipped, with 1 double and luxurious bedroom, and 1 bathroom very spacious.",700,3,1,811.4984093823059
15,apartment,3,1,85,3,no,html/img/houses/15.jpg,"Spacious type 3 apartment of 85 m2 on the 3rd floor with elevator, 2 bedrooms, one with cupboard and terrace, shower room with wc. On the first floor, a very nice living room with a large terrace facing west, open plan fitted and equipped kitchen. Garage, parking and storeroom. Collective heating and hot water.",994,3,0,1005.3264267695183
16,apartment,2,2,60,-1,yes,html/img/houses/16.jpg,"The property has been completely renovated recently with excellent quality materials, a kitchen and bathrooms with custom furniture and big brand appliances.",600,3,1,866.2761288061836
17,apartment,1,1,22,4,yes,html/img/houses/17.jpg,"On the 4th floor, nice furnished flat of 21.64m² with a nice decoration composed of an entrance, a living room with a fitted kitchen opening onto a south facing balcony, shower room with toilet. Individual covered parking - Collective heating. The residence has common areas: Laundry-Co Working with wifi connection- Relaxation area-Reading area- Common terrace-Wifi connection",575,3,1,641.6788573632595
18,room,1,1,15,-1,yes,html/img/houses/18.jpg,"Furnished room, in residence, bathroom + toilet in common in common, rent + charges: 410 euros including 0 euros of charges.",410,1,1,123.24610177442571
19,studio,1,1,14,-1,no,html/img/houses/19.jpg,"Studio of 14.48m² in a quiet area, close to the Faculty of Law, it includes a south facing living room opening onto a common courtyard, equipped kitchenette (hotplates, fridge, hood), a shower room with toilet. ",400,2,0,307.7983424826947
20,studio,1,1,17,-1,no,html/img/houses/20.jpg,"Type 1 apartment in TBE composed of a living room with equipped kitchenette, shower room with toilet, a bed in mezzannine. Parking space.",465,2,0,323.92787833614295
21,apartment,5,1,87,4,no,html/img/houses/21.jpg,"This apartment of 95 m² (about 1021 ft²), in a building of 4 floors comprises 4 rooms including 3 bedrooms, 1 bathroom and 1 toilet. Near the historic centre, shops and public transport. It is composed of an entrance, three bedrooms (North-West, South-East, South-West), one of which has a cupboard and another which can be used as an office. Living room with south-east exposure leading to a balcony with a clear view. Separate fitted kitchen, bathroom with new MAL outlet, separate WC. Two people sharing accepted. Cellar and garage.",1155,3,0,1089.640763834517
22,apartment,3,1,56,3,yes,html/img/houses/22.jpg,"Located on the 3rd floor, this beautiful 60.65 m² flat consists of an entrance hall with cupboard, a living room open onto a fully equipped kitchen area (storage units, hob, hood) and extended by a 17.3 m² terrace. You will also enjoy 2 bedrooms and a bathroom with washbasin and towel rail. Individual gas heating. A garage and a private parking space complete this property.",758,3,1,890.6982303565669
23,room,4,1,75,-1,yes,html/img/houses/23.png,"A furnished and completely renovated apartment of 75m2, a shared apartment of 4 bedrooms. *1 bedroom of 13m2 is available* *fitted and equipped kitchen* *Fibre* *Shower room* *WC* Rennes Ville Jean (north west district). Close to RENNES 2 University, CHU, metro and bus C4 at 50m (city center in 5 minutes). Ring road in the immediate vicinity, local market at 50m on Fridays, shops, bakery, pharmacy at 100m.",350,1,1,550.6712787060876
24,apartment,3,1,58,0,yes,html/img/houses/24.jpg,"Close to the metro, shops and the Gayeulles park, pretty furnished T3 of 57.82 m2 facing West. On the ground floor, it offers: entrance, kitchen, living room, hallway, 2 bedrooms possibility 3, storage room, bathroom and separate toilet. Cellar. Collective air parking.",1045,3,1,890.4362344961551
25,room,3,1,55,-1,yes,html/img/houses/25.jpg,"Apartment type 3 including a fitted and equipped kitchen, a bathroom and a toilet. In the immediate vicinity of the university, the metro, bus, shops and major roads.",390,1,1,408.19621972886694
26,apartment,1,1,26,-1,no,html/img/houses/26.jpg,"This apartment of 25 m² , in a building of 4 floors comprises 1 room and 1 toilet. It is provided with a living room and with a terrace. It is equipped with a living room and with a terrace.",520,3,0,603.5358887262896
27,apartment,2,1,37,1,no,html/img/houses/27.jpg,WEST OF RENNES 2 ROOMS OF 36 M² 65 ON THE 1ST FLOOR A BEDROOM WITH BALCONY HEATING GAS GARAGE CLINICAL DISTRICT OF WISDOM .. BUS IN FRONT OF THE BUILDING,528,3,0,704.965686651639
28,apartment,4,2,79,0,no,html/img/houses/28.JPG,"Recent residence located in a quiet area, overlooking the green corridor, close to shops, transport (lines 3, 5, 9), CHR and the St Laurent clinic. Very nice 4-room apartment of 79.41 m² with large terrace of 38 m². It consists of an entrance with cupboard, a fitted kitchen (hob, extractor, high and low storage, worktop) open to a large living room and giving access to a west-facing terrace not overlooked. Finally, you will have three bedrooms, one with closet and two opening onto the terrace, a bathroom (bath, double sinks and mirror) and separate WC.",846,3,0,1000.7005188703401
29,apartment,4,2,107,1,yes,html/img/houses/29.JPG,"Very beautiful furnished apartment of 107 m² located on the first floor of a quiet condominium close to shops and transport. It consists of a corridor leading to a living room, two beautiful bedrooms, an office, a fitted and equipped kitchen, a bathroom, a WC and a storeroom. A parking space and a garage complete this accommodation.",1415,3,1,1196.2051769271447
30,studio,1,1,14,2,no,html/img/houses/30.JPG,"14m² studio ideally located close to shops and transport, on the 2nd floor of a small building, . . It consists of an entrance with cupboards, a living room with open kitchen, and a bathroom with WC.",450,2,0,318.8133622454054
31,studio,1,1,22,0,yes,html/img/houses/31.JPG,"Furnished studio, 22.69 m² located in the area of ​​La Poterie close to shops and public transport, . It includes a fully fitted and equipped kitchen, a bedroom with double bed and storage space and a bathroom equipped with a washing machine and WC.",550,2,1,395.7727615165103
32,apartment,3,2,76,4,no,html/img/houses/32.JPG," In a secure residence, charming Type 3 Apartment completely renovated, offering an entrance, a Fitted and Equipped kitchen (hood / hob / oven / microwave / dishwasher / Fridge / Freezer), a living room opening onto a SOUTH facing balcony, 2 bedrooms, a bathroom with lots of storage, a WC, a dressing room. In the annex, a tiled cellar and an air parking lot are at your disposal.",895,3,0,964.3128560796079
33,apartment,3,2,66,1,yes,html/img/houses/33.JPG,"It includes an entrance, a large living room opening onto a balcony, a fitted and equipped kitchen, two bedrooms, a bathroom, a separate WC. The apartment is rented with a closed garage. ",980,3,1,940.8233669757856
34,studio,1,1,27,1,yes,html/img/houses/34.JPG,"In a small residence, apartment with double exposure, beautiful living room with its equipped kitchenette, shower room with WC.",457,2,1,426.32699452649445
35,apartment,2,1,28,2,yes,html/img/houses/35.JPG,"10 minutes from the center of Rennes, a furnished and refurbished apartment which consists of a bright living room with open furnished and equipped kitchen (hood, hob, microwave, washing machine) a bathroom with separate wc and a bedroom.",560,3,1,701.5394025159138
36,apartment,3,1,57,2,no,html/img/houses/36.JPG,"In a recent luxury residence, a 3-room apartment of 57.24 m². It includes a living room with a fitted and equipped kitchen area, a loggia, two bedrooms, one of which has a loggia, a bathroom, a toilet with washbasin. You will have covered parking. Collective heating and hot water.",790,3,0,851.1124188830966
37,apartment,3,1,67,6,no,html/img/houses/37.JPG,"The residence is located near the Hautes Ourmes park which offers an exceptional environment. The residence is located close to transport and shops. Three-room apartment with large terrace located on the sixth floor with elevator composed of an entrance opening onto a beautiful living room open to a fitted kitchen area (sink, sink cabinet, oven, induction hob, extractor and storage units top and bottom), two bedrooms, one with cupboard and the other with dressing room and a bathroom (shower, vanity unit and WC). Collective heating and hot water. A parking space in the basement completes this property.",750,3,0,919.5642314115387
38,apartment,2,1,43,4,yes,html/img/houses/38.JPG,"Beautiful Furnished T2 43.60 m² completely renovated, ideally located, place du Parlement on the 4th floor in a quiet area, including living room with fitted and equipped kitchen, bedroom, shower room.",960,3,1,789.5304282916295
39,apartment,2,1,46,2,no,html/img/houses/39.JPG,"The residence is located in a lively area: local shops, restaurants, library, schools, leisure activities, administrative infrastructure , services, green spaces… Located on the second floor with lift, very nice two-room apartment of 46.38 m². It consists of an entrance hall with cupboard, a kitchen area open to a large bright living room and giving access to a beautiful balcony. Finally, you will enjoy a bedroom, a bathroom (vanity unit, mirror, shower) and separate WC. Individual gas heating. Private parking completes this property.",519,3,0,757.025967466221
40,apartment,6,2,92,1,yes,html/img/houses/40.JPG,"92m2 renovated and furnished with taste. At the foot of the Triangle metro station, discover this magnificent shared apartment with its 5 bedrooms and 2 bathrooms. It is close to shops and transport.",1950,3,1,1185.447137568366
41,apartment,3,1,63,2,no,html/img/houses/41.JPG," In a recent residence located at the foot of the Beauregard promenade, come and discover this apartment comprising an entrance with large fitted cupboards, a living room with open kitchen and 19m2 balcony, two bedrooms on parquet, one with cupboard, a bathroom and separate toilets. You also benefit from a secure underground garage.",817,3,0,883.3714905899933
42,apartment,3,1,65,1,no,html/img/houses/42.JPG,"Located near the Jacques Cartier metro station, discover this crossing apartment composed of an entrance, a kitchen with balcony, a living room with balcony, two bedrooms, a bathroom and separate wc. You also benefit from a cellar and a garage.",700,3,0,890.4528412380553
43,studio,1,0,9,1,yes,html/img/houses/43.JPG,"Close to the University and all amenities. Kitchen for several people, fridge with individual compartment and to be locked. Bathroom opposite in the hallway, for use by three people. Cleaning service for common rooms.",345,2,1,325.84641578960634
44,apartment,2,1,52,4,yes,html/img/houses/44.JPG,"Rennes center, rue Jules Simon, near République metro station apartment type two in very good condition with an area of ​​52.25 m² located on the 4th floor with elevator comprising: entrance with dressing room, kitchen, living room, bedroom, shower room with wc.",750,3,1,837.9190358519745
45,apartment,2,1,68,2,yes,html/img/houses/45.JPG,"Beautiful apartment type 3 Bis of 69 m² comprising entrance hall, west-facing living room, fitted and equipped kitchen, office space, 2 bedrooms, shower room with wc, cellar... Parking nearby very easy.",870,3,1,916.599880561892
46,studio,1,1,27,1,no,html/img/houses/46.JPG,"Rue Camille Desmoulins, near Metro Anatole France. On the 1st floor of a small condominium, studio, 27 m², living room facing south, fitted and equipped kitchen area (hob, fridge), bathroom with WC. Electric heating. Private outdoor parking.",480,2,0,385.0363443561114
47,studio,1,1,21,4,yes,html/img/houses/47.JPG,"'Student' residence, on the 4th floor, beautiful furnished type 1 apartment of 21.64m² with neat decoration composed of an entrance, a living room with fitted kitchen opening onto a SOUTH-facing balcony , bathroom with wc. Individual covered parking- Collective heating- The residence has common areas: Laundry-Co Working with wifi connection-Relaxation area-Reading area-Common terrace-Wifi connection Free on 8/4",575,2,1,405.08294258230853
48,apartment,4,1,60,4,yes,html/img/houses/48.JPG,3 furnished rooms located at 22 square henry dunant near all shops - 4th floor with elevator. Apartment recently redone and fully equipped: 3 comfortable bedrooms. Per room: 1 double bed + 1 wardrobe/cupboard + 1 desk.,1149,3,1,950.8207713696333
49,apartment,4,1,74,4,no,html/img/houses/49.JPG,"Apartment located on the 4th floor has an area of ​​74.1m2. It is composed of an entrance, a living room, an equipped kitchen, a bathroom, separate WC, 3 bedrooms. Collective heating and collective hot and cold water.",900,3,0,984.8012885153425
50,studio,1,0,9,2,yes,html/img/houses/50.JPG,"In a student residence near Pontchaillou, enjoy a 9m² room on the 2nd floor with an unobstructed view of green spaces. Composed of numerous storage spaces, a water point and an office, you will have an ideal environment as a student. The toilets are on the landing with showers or a bathtub, as well as separate toilets. On each floor, common living space with a kitchen area (hob, oven, microwave), a common refrigerator consisting of private lockable mini-fridges and a dining area with tables and chairs. Relaxation area with sofas.",320,2,1,329.51808904384325
51,room,4,2,95,2,yes,html/img/houses/51.JPG,"4 free room(s) in a 4-bedroom shared apartment in a 95m2 apartment The apartment is in a condominium with intercom and digicode. Facing the metro, ten minutes from the city center, and twenty minutes from the ESC RENNES by the valley. Shops nearby Center Alma (Carrefour) Post office, pharmacy, bakery. Doctors. Very clean residence, respect for the neighborhood assured. Apartment with four individually closed bedrooms. Each room has: a desk a chair a wardrobe a bed (140 or 90) (Bedding: pillow, duvet, sheets provided for 4 months) 50 euros or protective undersheet 15 euros. The common areas: a bathroom with shower a small bathroom a separate toilet a fitted kitchen (fridge-freezer, kettle, coffee maker, microwave, crockery) a living room: table, 4 chairs, sofa, 1 armchair, coffee table, TV cabinet . a balcony a vacuum cleaner a laundry room including a washing machine, an ironing board and an iron. ",435,1,1,672.9199011079854
52,studio,1,1,44,2,yes,html/img/houses/52.JPG,"Furnished one-bedroom apartment, good standing, refurbished, double glazing, good insulation, balcony, location: garage, cupboards and storage, close to shops, STAR bus.",700,2,1,521.3993709502722
53,studio,1,1,14,1,yes,html/img/houses/52.JPG,"Furnished studio, sunny, in good condition, double glazing, close to amenities, STAR bus, Faculty of Law, Beaulieu Campus.",350,2,1,356.43233916155157
53,studio,1,1,14,1,yes,html/img/houses/53.JPG,"Furnished studio, sunny, in good condition, double glazing, close to amenities, STAR bus, Faculty of Law, Beaulieu Campus.",350,2,1,356.43233916155157
54,apartment,4,1,91,0,no,html/img/houses/54.JPG," T4 of 91m² located on the ground floor of a small collective. Entrance with cupboard, separate fitted kitchen (storage, extractor hood), living room extended by a pleasant terrace, 3 bedrooms, fitted cupboards, bathroom and separate WC. The apartment is rented with a cellar and a closed box in the secure basement. Well located, the residence allows quick access to the Jules Verne bus stop (line C6), Dargent (line 9, STAR network) and the city ​​center including on foot. Metro line B to come.",901,3,0,1061.5152986679357
55,apartment,4,1,88,3,no,html/img/houses/55.JPG,"Type 4 apartment in a beautiful old building completely renovated located on the 3rd and last floor without lift comprising: entrance-hallway, two bedrooms with parquet floors, a living room-living room facing south on parquet floors, a separate fitted kitchen and equipped with a hood and an induction hob, a toilet with washbasin, a shower room - a bathroom.",1340,3,0,1056.400782577198
56,studio,1,1,20,2,yes,html/img/houses/56.JPG,"Located in a quiet area, near the University of Rennes 1 and close to public transport. we offer this studio consisting of a living room with cupboard, an equipped kitchenette and a bathroom. You also have access to the parking lot of the residence.",405,2,1,392.3630841226852
57,apartment,2,1,49,0,no,html/img/houses/57.JPG,"Residence located on the left bank of the Vilaine in the Arsenal-Redon district, a 20-minute walk from Place de la République. Taking advantage of the tranquility of the banks of the Vilaine, just 400 m on foot, the district offers a pleasant and lively living environment thanks to the many services and local shops. T2 apartment of 49 m² with a terrace of 19.3 m². It consists of an entrance, a fitted kitchen opening onto a beautiful living room and opening onto the terrace. You will also enjoy a bedroom and a bathroom (vanity unit, mirror, heated towel rail, WC).",600,3,0,765.8121568111956
58,studio,1,1,28,2,no,html/img/houses/58.JPG,"In the heart of the Alphonse Guérin district on Avenue Sergent Maginot, this studio is located less than 50m from the C6 and C4 bus lines connecting the city center, Villejean and Beaulieu. Facing south with a view of the courtyard, we offer this renovated and very functional apartment comprising an entrance hall, a main room with a balcony, a kitchenette, a shower room. ",490,2,0,394.0845295614978
59,studio,1,1,12,3,no,html/img/houses/59.JPG,"Close to the city center, quick access to the ring roads. Quiet studio under the roof. Located in a small building, apartment comprising a main room with kitchenette, bathroom and parking space. ",329,2,0,311.73201159734344
60,apartment,3,1,68,2,yes,html/img/houses/60.JPG,"ORPI Rennes Aristide Briand offers you for rent this very beautiful apartment type 3 Bis of 69 m² comprising entrance hall, west-facing living room, fitted and equipped kitchen, office space, 2 bedrooms, shower room with wc, cellar. Parking nearby very easy.",870,3,1,951.5447005161236
61,studio,1,1,36,0,yes,html/img/houses/61.JPG,"10 minutes walk from the city center, 5 min by bus from Beaulieu, spacious furnished studio with fitted and equipped kitchen, washing machine, living room with dining area, living room, sleeping area, bathroom.",565,2,1,471.04392883260266
62,studio,1,1,23,1,yes,html/img/houses/62.JPG,"Ideally located close to the city center and transport, studio-type apartment comprising an entrance with cupboard, a living room with kitchen area, shower room with wc.",474,2,1,404.8209467218967
63,apartment,4,1,92,14,no,html/img/houses/63.JPG,"With a panoramic view of the historic center, discover this bright apartment comprising an entrance hall with cupboard, a living room with balcony, a fitted and equipped kitchen with loggia, two bedrooms, a dressing room, a bathroom and separate wc. ",1300,3,0,1118.295236178402
64,apartment,4,1,86,5,yes,html/img/houses/64.JPG,"Located at the foot of the Colombier shops, the metro and close to the city center, discover this apartment comprising an entrance hall, a living room with balcony, an equipped and fitted kitchen with balcony and rear kitchen, three bedrooms, a closet, a bathroom and separate toilets. You also benefit from a cellar in the basement. ",930,3,1,1094.2817553537561
65,studio,1,1,20,1,no,html/img/houses/65.JPG,"Ideally located near public transport, we offer this apartment consisting of a main room with kitchenette and a bathroom with toilet. You also benefit from a parking space. Heating, hot water and cold water are included in the provisions on charges. ",450,2,0,347.40076069806514
66,apartment,2,1,46,2,no,html/img/houses/66.JPG,"Residence located close to the shops of Gast. T2 apartment of 46m² located on the second floor. It is composed of an entrance, a living room opening onto an equipped kitchen (sink, cupboards, hob, extractor, oven, microwave), an 11m² loggia facing south, a bedroom with cupboard and a bathroom (shower, vanity unit and mirror). Individual gas heating.",590,3,0,757.025967466221
67,studio,1,1,33,2,yes,html/img/houses/67.JPG,"Beautiful spacious unfurnished studio of 33 m², located on the 2nd floor of a recent luxury building (2006), in perfect condition, comprising: entrance with cupboards, beautiful bright room with open fitted kitchen, bathroom with WC. Individual electric heating (low consumption DPE/C). 1 private underground parking.",570,2,1,462.2577394876282
68,apartment,4,1,77,0,no,html/img/houses/68.JPG,"Duplex apartment of 77m² located on the ground floor of a recent residence. Kitchen open to living room, 3 bedrooms, bathroom and shower room, 2 WCs, wardrobe, private loggia at the entrance. The apartment is rented with a private parking space in the secure basement. Heating and hot water are included in the charges. Well located, the residence allows quick access to the Dargent bus stop (line 9, STAR network) and in the city center including on foot. Metro line B to come.",794,3,0,986.2441313518434
69,room,5,1,93,3,yes,html/img/houses/68.JPG,"1 free room(s) in a 4-bedroom shared apartment in a 93m2 apartment A room is available now in this shared apartment This is a shared apartment for 4 people, in a beautiful 93 m2 apartment in Rennes, at 5 minutes walk from Le Blosne and Triangle metro. The city center is thus accessible in 5 minutes by metro, and the Villejean campus (Rennes 2 University) in 15 minutes.",415,1,1,697.080006797957
70,apartment,2,1,29,9,yes,html/img/houses/70.JPG,"The apartment is bright thanks to its large bay window, has been renovated and tastefully furnished. It is composed of a large living room/dining room open to the fully equipped kitchen and a bedroom with its bathroom. ",660,3,1,732.6176272467217
71,apartment,3,1,64,5,no,html/img/houses/71.JPG,"Located 3 minutes walk from the JULES VERNE stop (line C6) and 7 minutes from the future COURROUZE station on line b of the metro, we offer this new apartment in the residence ONYX. On the fifth floor with elevator, this apartment is composed of an entrance with cupboard, a living room with open kitchen, a large west-facing terrace of 28m2, two bedrooms, a bathroom, a toilet. separated and a storeroom. You have a parking space in the basement of the residence. ",1045,3,0,899.7630223038534
72,apartment,3,1,56,2,yes,html/img/houses/72.JPG,"Pleasant one-bedroom apartment, facing South-South/West, on the 2nd floor (elevator) - It includes: entrance (with cupboards), living-dining room opening onto loggia, semi-open, fitted and equipped kitchen (plate 4 gas hob, oven, dishwasher location), two bedrooms, bathroom (shower, washbasin, heated towel rail, washing machine location) and separate WC. ",806,3,1,887.0265571023301
73,apartment,3,1,54,4,yes,html/img/houses/73.JPG," Consisting of an entrance, a living room with a loggia, a kitchen, two bedrooms, a bathroom. A parking place.",630,3,1,883.6168797085052
74,room,4,1,25,0,yes,html/img/houses/74.JPG, 1 bedroom furnished in a nice and very clean shared flat. Close to the University and all amenities.,490,1,1,285.51735440285177
75,apartment,3,1,85,3,no,html/img/houses/75.JPG,"Spacious type 3 inverted duplex of 85 m2 on the 3rd floor with elevator comprising an entrance with cupboard, 2 bedrooms, one with cupboard and terrace, shower room with wc, on the upstairs very nice living room / lounge on large West facing terrace, fitted and equipped open kitchen.",994,3,0,1005.3264267695183
76,room,4,1,60,3,yes,html/img/houses/76.JPG,"2 free room(s) in a 3-bedroom flatshare in a 60m2 apartment Friendly flatshare in the Sainte-Thérèse district, rue des Ecotais. You will be in peace, in a green environment with access to sports activities nearby: football/basketball fields, parks, sports courses... Furnished apartment of 60m², bright and refurbished, quality services.",495,1,1,484.7102924557935
77,apartment,2,1,40,6,yes,html/img/houses/77.JPG,"Located 3 minutes walk from the JULES VERNE stop (line C6) and 7 minutes from the future COURROUZE station on line b of the metro, we offer this recent apartment in the ONYX residence. On the sixth floor with lift, this apartment consists of a living room with open kitchen, a bedroom and a bathroom with toilet. East facing, overlooking the courtyard.",560,3,1,780.7442389466551
78,apartment,2,1,47,3,no,html/img/houses/78.JPG,"Very nice location, near faculty of law. - In a small condominium. Large T2 (46.57 m²) on the 3rd floor (no lift), comprising: entrance with cupboard, kitchen (13.19 m²) fitted and partially equipped (hob, small fridge), living room (12.09 m²), bedroom (12.47 m², with cupboards), shower room-WC (with space for washing machine). ",795,3,0,766.0741526716074
79,room,4,1,64,0,yes,html/img/houses/79.JPG,"Furnished room in shared flat in Villejean, very close to the University and all amenities. Friendly and clean roommate. Fiber. Free parking in front of the building. Possibility of APL. The room has about 12 m2. The property is located in the commune of Rennes. There are several schools (nursery, primary, elementary and college) within 10 minutes of the apartment. On the transport side, there are two metro lines a few steps from the property. Rennes-St-Jacques Airport is less than 6 km away. For your entertainment, you can count on a theater a few steps from the accommodation. There is also a post office, many restaurants and a university institute. Finally, 2 markets enliven the district. ",480,1,1,495.2013204976805
80,studio,1,1,14,5,yes,html/img/houses/80.JPG,"Furnished studio, close to shops, amenities, STAR bus, metro, living room, cupboards and storage. ",340,2,1,371.1190321784992
81,apartment,3,1,61,2,no,html/img/houses/81.JPG,"Residence very close to the city center of Rennes (10 minutes) located in a quiet and residential area with high-end services. Close to shops, CHR transport and the St Laurent clinic. Very nice 3-room apartment of 61.26 m² located on the 2nd floor with lift, west exposure. It consists of an entrance with cupboard, a fitted kitchen (worktop, storage, hob, extractor) open to a large living room giving access to a large 15.5 m² balcony, two bedrooms with parquet on the ground, a bathroom (vanity unit, mirror, shower) and separate WC.",715,3,0,872.6184666876943
82,studio,1,0,14,3,yes,html/img/houses/82.JPG,SMALL FURNISHED STUDIO WITH A SURFACE OF 14 M2 COMPRISING A MAIN ROOM WITH KITCHENETTE AREA - A SHOWER ROOM - COMMON WC ON THE LANDING VERY QUIET - GARDEN SIDE.,425,2,1,360.0723220538275
83,apartment,2,1,30,3,yes,html/img/houses/83.JPG,"Close to the city center, in a quiet and secure residence, an apartment with balcony and parking space, comprising an entrance hall, a fitted kitchen, a living room with a bedroom area, a bathroom.",540,3,1,715.9640996724497
84,apartment,4,1,78,0,yes,html/img/houses/84.JPG,"In the foot of the future Gayeulles metro station and shops, very beautiful furnished T4 of 78.88m² in a 2010 residence. On the ground floor, it offers: entrance with cupboard, beautiful living room opening onto a balcony of 5.63 m² facing south, open kitchen, corridor, 3 bedrooms with cupboards, bathroom and separate WC. Closed garage in secure basement and aerial parking space. Furniture. Living area: 78.88 m². ",1385,3,1,1032.9112934733757
85,studio,1,0,12,1,yes,html/img/houses/85.JPG,"Flatshare 2 furnished rooms with balcony, shared, in a T5 apartment with 3 other flatmates. Common rooms: hallway, fitted and equipped kitchen, large bathroom with washing machine and dryer, separate wc.",380,2,1,341.9759516430547
86,apartment,3,1,70,2,yes,html/img/houses/86.JPG,"Apartment located on the 2nd floor of a 1998 building, comprising an entrance hall, a living room opening onto a south-west facing terrace, a fitted and equipped kitchen, a utility room, 2 bedrooms, one with a closet, a bathroom and a separate WC. Individual heating (recent radiators), PVC double glazing, bicycle storage and fiber optics. Cellar and private parking in the secure basement. ",850,3,1,962.2977244184226
87,room,4,1,83,4,yes,html/img/houses/87.JPG,"We are looking for 1 roommate to integrate this nice renovated 83m2 apartment. Spacious and bright, it has everything to please: 4 furnished and bright bedrooms, nicely decorated living room with sofa armchair and TV, large windows, fully equipped kitchen, WIFI & Fiber, free parking and bike storage. To visit very quickly to put down your suitcases:) - Bréquigny district, near rue de Nantes - The apartment is located on the 4th floor with elevator and has a nice open view. ",420,1,1,612.0417405864679
88,apartment,2,1,39,3,yes,html/img/houses/88.JPG,"Very nice furnished T2 of 39m2 rue d'Antrain in a small building 2 minutes walk from the Saint Anne metro station. Composed of a kitchen entrance, large separate living room, bedroom, bathroom (shower) and separate WC.",725,3,1,764.3527072327947
89,apartment,2,1,59,1,no,html/img/houses/89.JPG,"On the 1st floor of a charming condominium, we offer a furnished one-bedroom apartment with a surface area of ​​58m2 located at 4 bis Rue la Motte Picquet in RENNES and close to all amenities. It consists of an entrance, a fitted kitchen, a living room with fireplace, a bedroom with closet and a bathroom with WC and storage.",835,3,0,823.2489495769271
90,room,4,1,75,2,yes,html/img/houses/90.JPG,"Common areas: fitted kitchen (8.05 m²), bathroom (5.65 m²), WC and small living room (8.98 m²). Bedroom: 9.01 m² + adjoining dressing room of 0.90 m² (plus shared balcony).Fitted bedroom: single bed, bedside table, cupboards, desk, shelves , office chair, etc. Household appliances: ceramic hob, fridge (+ freezer compartment), dishwasher, microwave, coffee maker, kettle, toaster and washing machine. Wi-Fi included. Apartment located on the 2nd floor of a small building. Metro Villejean and University less than 10 minutes walk. Shopping center (bakery, butcher, supermarket, pharmacy, press, fast food) located at the foot of the building.  ",365,1,1,561.6862984687983
91,room,4,1,68,2,yes,html/img/houses/91.JPG,"1 furnished room in shared apartment for 3 people - rue de Fougères in Rennes. Bright apartment facing south, it is occupied by Jean-Sebastien, 22 years old and Tristan, 20 years old. They are looking for 2 new flatmates :) In the heart of Rennes, on the 2nd floor with elevator of a secure residence, nice apartment of 68 m2 composed of: - 3 spacious bedrooms furnished with double bed, duvet and pillows, office and dressing room - fitted kitchen and equipped open to the living room (dishwasher, oven, microwave, fridge/freezer, crockery) - large 30m2 living room with sofa and TV - shower room - entrance with storage - loggia with washing machine - separate toilet - bike room - green spaces.  ",480,1,1,524.0507148107522
92,apartment,2,1,29,9,yes,html/img/houses/92.JPG,"Very nice T2 of 29m2 on the 9th floor with elevator. The apartment is bright thanks to its large bay window, has been renovated and tastefully furnished. It is composed of a large living room/dining room open to the fully equipped kitchen and a bedroom with its bathroom. ",630,3,1,732.6176272467217
93,apartment,2,1,41,3,yes,html/img/houses/93.JPG,"Apartment on the 3rd floor of a small collective, refurbished, with fitted kitchen, furnished bedroom, living room, shower room with wc and washing machine. Fully equipped kitchen with Nespresso, dishwasher, fridge/freezer, oven, microwave, crockery, kitchen utensils, frying pans, saucepans.",850,3,1,775.1057311350937
94,studio,1,1,24,5,yes,html/img/houses/94.JPG,"In the heart of the city center. Duplex studio on the top floor in a quiet secure building. Comprising a main room with kitchen area, bedroom on the mezzanine, bathroom. ",500,2,1,424.8841516899938
95,room,5,1,88,0,yes,html/img/houses/95.JPG,"Beautiful apartment (88 m²) free, furnished and tastefully decorated, on the ground floor. 4 rooms to share in a flatshare (room excluding charge 325E, charge: 75E) in the Italy district (Italy metro stop); the building is secure, intercom, with a badge at the entrance. It is located 50m from the Italy metro stop; 1 km from Alma shopping center; 15 mins from the city center and 30 mins from the universities. Open kitchen equipped: Oven, microwave, induction hob, extractor, combined fridge, toaster, coffee maker, etc.. We find in the apartment: TV, fridge, sofa, sideboard and sideboard, coffee table, dining table , Washing machine and storage, iron and ironing board, broom vacuum cleaner and all household essentials. Each room has a double bed, duvet, cushions and sheets. A desk. A (dressing) closet and storage. The doors each have a key lock. Shower room separated from the WC room and comprising a shower cubicle with sliding door, a radiator, a washbasin on a cupboard with storage units. The apartment has internet access and 3 balconies.",400,1,1,659.182427279499
96,apartment,3,1,58,2,no,html/img/houses/96.JPG,"In recent residence, Type 3 of 58 m² on the 2nd floor with lift, including a living room opening onto a terrace, a fitted fitted kitchen area, a hallway, 2 bedrooms with fitted wardrobes, shower room, wc, gas heater, 2 covered parking spaces. ",725,3,0,856.488930834246
97,room,5,1,84,2,yes,html/img/houses/97.JPG,"One bedroom is currently available in a building located at the foot of the Villejean-Université metro station, opposite Rennes 2 University, 4-bedroom flatshare in an 84m² apartment, on the 7th floor with lift.",400,1,1,645.019725983375
98,apartment,3,2,70,0,no,html/img/houses/97.JPG,"We offer a two-bedroom apartment, located on the ground floor, comprising: an entrance with cupboard, a living room opening onto a balcony, a fully equipped kitchen, two bedrooms, one of which has a cupboard, a bathroom and a WC. ",790,3,0,917.3670913557635
99,apartment,3,1,61,2,no,html/img/houses/97.JPG,"Residence very close to the city center of Rennes (10 minutes) located in a quiet and residential area with high-end services. Close to shops, CHR transport and the St Laurent clinic. Very nice 3-room apartment of 61.26 m² located on the 2nd floor with lift, west exposure. It consists of an entrance with cupboard, a fitted kitchen (worktop, storage, hob, extractor) open to a large living room giving access to a large 15.5 m² balcony, two bedrooms with parquet on the ground, a bathroom (vanity unit, mirror, shower) and separate WC.",715,3,0,872.6184666876943
