id,type,rooms,bathrooms,squaremeters,floor,furnished,image,description,price,typenum,furnishednum,transport,equipped,renovated,shops,cellar,balcony,parking,shared,green,historic,university,prediction,difference,percentqge,abs
0,apartment,2,1,40,3,yes,html/img/houses/3.jpeg,"Beautiful rooms with a view of the rooftops of Rennes, Sainte Thérèse district. Within walking distance of the metro (line a) and the bus (line 12). A small equipped kitchen, as well as a shower room and WC are on the same floor as the 2 bedrooms.",1600,3,1,1,1,0,0,0,0,0,0,0,0,0,773,-827,-52%,52%
1,apartment,1,1,9,-1,yes,html/img/houses/2.jpg,"Furnished room, very good standing, renovated, double glazing, good insulation, close to shops, STAR bus, metro, train station, school",355,3,1,1,0,1,1,0,0,0,0,0,0,0,362,7,2%,2%
2,apartment,4,1,107,3,no,html/img/houses/1.jpg,"This 110 m² flat comprises an entrance hall, a very bright living room, a fitted and equipped kitchen (hob, oven, fridge, dishwasher), 3 bedrooms with cupboards, a shower room, a bathroom and a toilet. It also has 3 attics and two cellars.",1650,3,0,0,1,0,0,1,0,0,0,0,0,0,1285,-365,-22%,22%
3,apartment,2,1,46,0,no,html/img/houses/3.jpg,"Apartment Type 2 in Volney district including an entrance with closet, living room with cupboard overlooking a terrace, fitted and equipped kitchen, bedroom, bathroom, toilet, box in the basement.",640,3,0,0,1,0,0,1,1,0,0,0,0,0,627,-13,-2%,2%
4,apartment,2,2,85,0,yes,html/img/houses/4.jpg,"It is offered for rent a modern apartment renovated, furnished and equipped, with 2 double and luxurious bedrooms, and 2 bathrooms very spacious.Pets are also allowed if the strict hygiene measures in the apartment are respected. ",950,3,1,0,1,1,0,0,0,0,0,0,0,0,964,14,1%,1%
5,apartment,2,1,36,3,yes,html/img/houses/5.jpg,"Rennes centre, flat T2. Exclusive furnished rental. Tastefully arranged and furnished, it is located on the 3rd and last floor of a quiet and secure residence. Close to transport and shops, it is bright and south-facing. It has a beautiful living room with an open plan kitchen, fitted and equipped (induction hob, oven, fridge...), a bedroom with storage space, a shower room and a separate toilet.",791,3,1,1,1,0,1,0,0,0,0,0,0,0,641,-150,-19%,19%
6,apartment,1,1,25,1,no,html/img/houses/6.jpg,"Type 1 of 25 m² on the 1st floor, entrance with cupboard, Living room, Equipped kitchen, bathroom with c wc, Parking",450,3,0,0,1,0,0,0,0,1,0,0,0,0,445,-5,-1%,1%
7,studio,1,1,12,1,no,html/img/houses/7.jpg,"Furnished room with shared fitted and equipped kitchen, private shower room, 1 shared toilet, green spaces, close to shops, STAR bus, metro, train station",440,2,0,1,1,0,1,0,0,0,0,0,0,0,401,-39,-9%,9%
8,apartment,2,1,56,1,no,html/img/houses/8.jpg,"Surface of 56.32m² with balcony and parking- Living room 35m², 1 bedroom, bathroom - balcony (18.20m²)",720,3,0,0,0,0,0,0,1,1,0,0,0,0,707,-13,-2%,2%
9,room,4,1,65,1,yes,html/img/houses/9.jpg,"1 room(s) available in a 4-bedroom flat share in a 65m2 flat. Flat on the 1st floor with 4 bedrooms, a shared bathroom and a shared kitchen. All perfectly furnished and equipped with washing machine, dishwasher, tumble dryer, microwave, oven, hob etc. Metro 10 minutes walk away, bus at the door, bike room, large free parking in front of the building and shops in the immediate vicinity.",315,3,1,1,1,0,1,0,0,0,1,0,0,0,563,248,79%,79%
10,apartment,1,1,44,1,yes,html/img/houses/10.jpg,"furnished flat with living room, fitted and equipped kitchen, 1 bedroom, balcony, location: garage, green spaces",700,3,1,0,1,0,0,0,1,1,0,1,0,0,631,-69,-10%,10%
11,apartment,5,1,132,1,no,html/img/houses/11.jpg,"T5 flat, bright, location: private parking, cupboards and storage space, close to shops, STAR bus, metro, school, Faculty of Law, possibility of sharing",2000,3,0,1,0,0,1,1,0,1,0,0,0,0,1486,-514,-26%,26%
12,apartment,1,1,14,1,yes,html/img/houses/12.jpg,SMALL FURNISHED STUDIO WITH A SURFACE AREA OF 14 M2 COMPRISING A MAIN ROOM WITH A KITCHENETTE - A SHOWER ROOM - COMMON TOILET ON THE LANDING VERY QUIET - GARDEN SIDE - SOUTH FACING,425,3,1,1,0,0,1,0,0,0,0,0,0,0,402,-23,-6%,6%
13,studio,1,1,9,-1,yes,html/img/houses/13.jpg,"Furnished room, bright and sunny, in good condition, double glazing, good insulation, close to shops, amenities, STAR bus",285,2,1,0,0,0,0,0,0,0,1,1,0,0,70,-215,-75%,75%
14,apartment,1,1,57,-1,yes,html/img/houses/14.jpg,"It is offered for rent a modern apartment renovated, furnished and equipped, with 1 double and luxurious bedroom, and 1 bathroom very spacious.",700,3,1,0,1,1,0,0,0,0,0,0,0,0,775,75,11%,11%
15,apartment,3,1,85,3,no,html/img/houses/15.jpg,"Spacious type 3 apartment of 85 m2 on the 3rd floor with elevator, 2 bedrooms, one with cupboard and terrace, shower room with wc. On the first floor, a very nice living room with a large terrace facing west, open plan fitted and equipped kitchen. Garage, parking and storeroom. Collective heating and hot water.",994,3,0,0,1,0,0,1,1,1,0,0,0,0,996,2,0%,0%
16,apartment,2,2,60,-1,yes,html/img/houses/16.jpg,"The property has been completely renovated recently with excellent quality materials, a kitchen and bathrooms with custom furniture and big brand appliances.",600,3,1,0,1,1,0,0,0,0,0,0,0,0,761,161,27%,27%
17,apartment,1,1,22,4,yes,html/img/houses/17.jpg,"On the 4th floor, nice furnished flat of 21.64m² with a nice decoration composed of an entrance, a living room with a fitted kitchen opening onto a south facing balcony, shower room with toilet. Individual covered parking - Collective heating. The residence has common areas: Laundry-Co Working with wifi connection- Relaxation area-Reading area- Common terrace-Wifi connection",575,3,1,0,0,0,0,0,1,1,0,0,0,0,458,-117,-20%,20%
18,studio,1,1,15,0,yes,html/img/houses/18.jpg,"Furnished room, in residence, bathroom + toilet in common in common, rent + charges: 410 euros including 0 euros of charges.",410,2,1,0,0,0,0,0,0,0,1,0,0,0,107,-303,-74%,74%
19,studio,1,1,14,-1,no,html/img/houses/19.jpg,"Studio of 14.48m² in a quiet area, close to the Faculty of Law, it includes a south facing living room opening onto a common courtyard, equipped kitchenette (hotplates, fridge, hood), a shower room with toilet. ",400,2,0,0,1,0,0,0,0,0,0,0,0,0,441,41,10%,10%
20,studio,1,1,17,-1,no,html/img/houses/20.jpg,"Type 1 apartment in TBE composed of a living room with equipped kitchenette, shower room with toilet, a bed in mezzannine. Parking space.",465,2,0,0,1,0,0,0,0,1,0,0,0,0,453,-12,-3%,3%
21,apartment,5,1,87,4,no,html/img/houses/21.jpg,"This apartment of 95 m² (about 1021 ft²), in a building of 4 floors comprises 4 rooms including 3 bedrooms, 1 bathroom and 1 toilet. Near the historic centre, shops and public transport. It is composed of an entrance, three bedrooms (North-West, South-East, South-West), one of which has a cupboard and another which can be used as an office. Living room with south-east exposure leading to a balcony with a clear view. Separate fitted kitchen, bathroom with new MAL outlet, separate WC. Two people sharing accepted. Cellar and garage.",1155,3,0,1,0,0,1,1,1,1,0,0,1,0,1062,-93,-8%,8%
22,apartment,3,1,56,3,yes,html/img/houses/22.jpg,"Located on the 3rd floor, this beautiful 60.65 m² flat consists of an entrance hall with cupboard, a living room open onto a fully equipped kitchen area (storage units, hob, hood) and extended by a 17.3 m² terrace. You will also enjoy 2 bedrooms and a bathroom with washbasin and towel rail. Individual gas heating. A garage and a private parking space complete this property.",758,3,1,0,1,0,0,0,1,1,0,0,0,0,836,78,10%,10%
23,room,4,1,75,-1,yes,html/img/houses/23.png,"A furnished and completely renovated apartment of 75m2, a shared apartment of 4 bedrooms. *1 bedroom of 13m2 is available* *fitted and equipped kitchen* *Fibre* *Shower room* *WC* Rennes Ville Jean (north west district). Close to RENNES 2 University, CHU, metro and bus C4 at 50m (city center in 5 minutes). Ring road in the immediate vicinity, local market at 50m on Fridays, shops, bakery, pharmacy at 100m.",350,3,1,1,1,1,1,0,0,0,1,0,0,1,491,141,40%,40%
24,apartment,3,1,58,0,yes,html/img/houses/24.jpg,"Close to the metro, shops and the Gayeulles park, pretty furnished T3 of 57.82 m2 facing West. On the ground floor, it offers: entrance, kitchen, living room, hallway, 2 bedrooms possibility 3, storage room, bathroom and separate toilet. Cellar. Collective air parking.",1045,3,1,1,0,0,1,0,0,1,0,0,0,0,848,-197,-19%,19%
26,apartment,1,1,26,-1,no,html/img/houses/26.jpg,"This apartment of 25 m² , in a building of 4 floors comprises 1 room and 1 toilet. It is provided with a living room and with a terrace. It is equipped with a living room and with a terrace.",520,3,0,0,0,0,0,0,1,0,0,0,0,0,414,-106,-20%,20%
27,apartment,2,1,37,1,no,html/img/houses/27.jpg,WEST OF RENNES 2 ROOMS OF 36 M² 65 ON THE 1ST FLOOR A BEDROOM WITH BALCONY HEATING GAS GARAGE CLINICAL DISTRICT OF WISDOM .. BUS IN FRONT OF THE BUILDING,528,3,0,0,0,0,0,1,1,0,0,0,0,1,412,-116,-22%,22%
28,apartment,4,2,79,0,no,html/img/houses/28.JPG,"Recent residence located in a quiet area, overlooking the green corridor, close to shops, transport (lines 3, 5, 9), CHR and the St Laurent clinic. Very nice 4-room apartment of 79.41 m² with large terrace of 38 m². It consists of an entrance with cupboard, a fitted kitchen (hob, extractor, high and low storage, worktop) open to a large living room and giving access to a west-facing terrace not overlooked. Finally, you will have three bedrooms, one with closet and two opening onto the terrace, a bathroom (bath, double sinks and mirror) and separate WC.",846,3,0,1,1,1,1,0,1,0,0,1,0,0,905,59,7%,7%
29,apartment,4,2,107,1,yes,html/img/houses/29.JPG,"Very beautiful furnished apartment of 107 m² located on the first floor of a quiet condominium close to shops and transport. It consists of a corridor leading to a living room, two beautiful bedrooms, an office, a fitted and equipped kitchen, a bathroom, a WC and a storeroom. A parking space and a garage complete this accommodation.",1415,3,1,1,1,0,1,0,0,1,0,0,0,0,1202,-213,-15%,15%
30,studio,1,1,14,2,no,html/img/houses/30.JPG,"14m² studio ideally located close to shops and transport, on the 2nd floor of a small building, . . It consists of an entrance with cupboards, a living room with open kitchen, and a bathroom with WC.",450,2,0,1,0,0,1,0,0,0,0,0,0,0,424,-26,-6%,6%
31,studio,1,1,22,0,yes,html/img/houses/31.JPG,"Furnished studio, 22.69 m² located in the area of ​​La Poterie close to shops and public transport, . It includes a fully fitted and equipped kitchen, a bedroom with double bed and storage space and a bathroom equipped with a washing machine and WC.",550,2,1,1,1,0,1,0,0,0,0,0,0,0,539,-11,-2%,2%
32,apartment,3,2,76,4,no,html/img/houses/32.JPG," In a secure residence, charming Type 3 Apartment completely renovated, offering an entrance, a Fitted and Equipped kitchen (hood / hob / oven / microwave / dishwasher / Fridge / Freezer), a living room opening onto a SOUTH facing balcony, 2 bedrooms, a bathroom with lots of storage, a WC, a dressing room. In the annex, a tiled cellar and an air parking lot are at your disposal.",895,3,0,0,1,1,0,1,0,1,0,0,0,0,888,-7,-1%,1%
33,apartment,3,2,66,1,yes,html/img/houses/33.JPG,"It includes an entrance, a large living room opening onto a balcony, a fitted and equipped kitchen, two bedrooms, a bathroom, a separate WC. The apartment is rented with a closed garage. ",980,3,1,0,1,0,0,0,0,1,0,0,0,0,854,-126,-13%,13%
34,studio,1,1,27,1,yes,html/img/houses/34.JPG,"In a small residence, apartment with double exposure, beautiful living room with its equipped kitchenette, shower room with WC.",457,2,1,0,1,0,0,0,0,0,0,0,0,0,618,161,35%,35%
35,apartment,2,1,28,2,yes,html/img/houses/35.JPG,"10 minutes from the center of Rennes, a furnished and refurbished apartment which consists of a bright living room with open furnished and equipped kitchen (hood, hob, microwave, washing machine) a bathroom with separate wc and a bedroom.",560,3,1,1,1,1,1,0,0,0,0,0,0,0,583,23,4%,4%
36,apartment,3,1,57,2,no,html/img/houses/36.JPG,"In a recent luxury residence, a 3-room apartment of 57.24 m². It includes a living room with a fitted and equipped kitchen area, a loggia, two bedrooms, one of which has a loggia, a bathroom, a toilet with washbasin. You will have covered parking. Collective heating and hot water.",790,3,0,0,1,1,0,0,0,1,0,0,0,0,829,39,5%,5%
37,apartment,3,1,67,6,no,html/img/houses/37.JPG,"The residence is located near the Hautes Ourmes park which offers an exceptional environment. The residence is located close to transport and shops. Three-room apartment with large terrace located on the sixth floor with elevator composed of an entrance opening onto a beautiful living room open to a fitted kitchen area (sink, sink cabinet, oven, induction hob, extractor and storage units top and bottom), two bedrooms, one with cupboard and the other with dressing room and a bathroom (shower, vanity unit and WC). Collective heating and hot water. A parking space in the basement completes this property.",750,3,0,1,0,0,1,0,0,1,0,1,0,0,901,151,20%,20%
38,apartment,2,1,43,4,yes,html/img/houses/38.JPG,"Beautiful Furnished T2 43.60 m² completely renovated, ideally located, place du Parlement on the 4th floor in a quiet area, including living room with fitted and equipped kitchen, bedroom, shower room.",960,3,1,0,1,1,0,0,0,0,0,0,0,0,746,-214,-22%,22%
39,apartment,2,1,46,2,no,html/img/houses/39.JPG,"The residence is located in a lively area: local shops, restaurants, library, schools, leisure activities, administrative infrastructure , services, green spaces… Located on the second floor with lift, very nice two-room apartment of 46.38 m². It consists of an entrance hall with cupboard, a kitchen area open to a large bright living room and giving access to a beautiful balcony. Finally, you will enjoy a bedroom, a bathroom (vanity unit, mirror, shower) and separate WC. Individual gas heating. Private parking completes this property.",519,3,0,1,0,0,1,0,0,1,0,0,0,0,642,123,24%,24%
40,apartment,6,2,92,1,yes,html/img/houses/40.JPG,"92m2 renovated and furnished with taste. At the foot of the Triangle metro station, discover this magnificent shared apartment with its 5 bedrooms and 2 bathrooms. It is close to shops and transport.",1950,3,1,1,0,1,1,0,0,0,0,0,0,0,1223,-727,-37%,37%
41,apartment,3,1,63,2,no,html/img/houses/41.JPG," In a recent residence located at the foot of the Beauregard promenade, come and discover this apartment comprising an entrance with large fitted cupboards, a living room with open kitchen and 19m2 balcony, two bedrooms on parquet, one with cupboard, a bathroom and separate toilets. You also benefit from a secure underground garage.",817,3,0,0,0,1,0,0,1,1,0,0,0,0,835,18,2%,2%
42,apartment,3,1,65,1,no,html/img/houses/42.JPG,"Located near the Jacques Cartier metro station, discover this crossing apartment composed of an entrance, a kitchen with balcony, a living room with balcony, two bedrooms, a bathroom and separate wc. You also benefit from a cellar and a garage.",700,3,0,1,0,0,1,1,1,1,0,0,0,0,795,95,14%,14%
43,studio,1,0,9,1,yes,html/img/houses/43.JPG,"Close to the University and all amenities. Kitchen for several people, fridge with individual compartment and to be locked. Bathroom opposite in the hallway, for use by three people. Cleaning service for common rooms.",345,2,1,1,1,0,0,0,0,0,1,0,0,1,71,-274,-79%,79%
44,apartment,2,1,52,4,yes,html/img/houses/44.JPG,"Rennes center, rue Jules Simon, near République metro station apartment type two in very good condition with an area of ​​52.25 m² located on the 4th floor with elevator comprising: entrance with dressing room, kitchen, living room, bedroom, shower room with wc.",750,3,1,1,0,0,1,0,0,0,0,0,0,0,776,26,3%,3%
45,apartment,2,1,68,2,yes,html/img/houses/45.JPG,"Beautiful apartment type 3 Bis of 69 m² comprising entrance hall, west-facing living room, fitted and equipped kitchen, office space, 2 bedrooms, shower room with wc, cellar... Parking nearby very easy.",870,3,1,0,1,0,0,1,0,1,0,0,0,0,906,36,4%,4%
46,studio,1,1,27,1,no,html/img/houses/46.JPG,"Rue Camille Desmoulins, near Metro Anatole France. On the 1st floor of a small condominium, studio, 27 m², living room facing south, fitted and equipped kitchen area (hob, fridge), bathroom with WC. Electric heating. Private outdoor parking.",480,2,0,0,1,0,0,0,0,1,0,0,0,0,542,62,13%,13%
47,studio,1,1,21,4,yes,html/img/houses/47.JPG,"'Student' residence, on the 4th floor, beautiful furnished type 1 apartment of 21.64m² with neat decoration composed of an entrance, a living room with fitted kitchen opening onto a SOUTH-facing balcony , bathroom with wc. Individual covered parking- Collective heating- The residence has common areas: Laundry-Co Working with wifi connection-Relaxation area-Reading area-Common terrace-Wifi connection Free on 8/4",575,2,1,0,0,0,0,0,1,1,0,0,0,0,532,-43,-8%,8%
48,apartment,4,1,60,4,yes,html/img/houses/48.JPG,3 furnished rooms located at 22 square henry dunant near all shops - 4th floor with elevator. Apartment recently redone and fully equipped: 3 comfortable bedrooms. Per room: 1 double bed + 1 wardrobe/cupboard + 1 desk.,1149,3,1,1,0,1,1,0,0,0,0,0,0,0,964,-185,-16%,16%
49,apartment,4,1,74,4,no,html/img/houses/49.JPG,"Apartment located on the 4th floor has an area of ​​74.1m2. It is composed of an entrance, a living room, an equipped kitchen, a bathroom, separate WC, 3 bedrooms. Collective heating and collective hot and cold water.",900,3,0,0,1,0,0,0,0,0,0,0,0,0,1034,134,15%,15%
50,studio,1,0,9,2,yes,html/img/houses/50.JPG,"In a student residence near Pontchaillou, enjoy a 9m² room on the 2nd floor with an unobstructed view of green spaces. Composed of numerous storage spaces, a water point and an office, you will have an ideal environment as a student. The toilets are on the landing with showers or a bathtub, as well as separate toilets. On each floor, common living space with a kitchen area (hob, oven, microwave), a common refrigerator consisting of private lockable mini-fridges and a dining area with tables and chairs. Relaxation area with sofas.",320,2,1,0,1,0,0,0,0,0,1,1,0,0,178,-142,-44%,44%
51,room,4,2,95,2,yes,html/img/houses/51.JPG,"4 free room(s) in a 4-bedroom shared apartment in a 95m2 apartment The apartment is in a condominium with intercom and digicode. Facing the metro, ten minutes from the city center, and twenty minutes from the ESC RENNES by the valley. Shops nearby Center Alma (Carrefour) Post office, pharmacy, bakery. Doctors. Very clean residence, respect for the neighborhood assured. Apartment with four individually closed bedrooms. Each room has: a desk a chair a wardrobe a bed (140 or 90) (Bedding: pillow, duvet, sheets provided for 4 months) 50 euros or protective undersheet 15 euros. The common areas: a bathroom with shower a small bathroom a separate toilet a fitted kitchen (fridge-freezer, kettle, coffee maker, microwave, crockery) a living room: table, 4 chairs, sofa, 1 armchair, coffee table, TV cabinet . a balcony a vacuum cleaner a laundry room including a washing machine, an ironing board and an iron. ",435,3,1,1,1,0,1,0,1,0,1,0,0,0,666,231,53%,53%
52,studio,1,1,44,2,yes,html/img/houses/52.JPG,"Furnished one-bedroom apartment, good standing, refurbished, double glazing, good insulation, balcony, location: garage, cupboards and storage, close to shops, STAR bus.",700,2,1,1,0,1,1,1,1,1,0,0,0,0,674,-26,-4%,4%
53,studio,1,1,14,1,yes,html/img/houses/52.JPG,"Furnished studio, sunny, in good condition, double glazing, close to amenities, STAR bus, Faculty of Law, Beaulieu Campus.",350,2,1,1,0,0,1,0,0,0,0,0,0,0,483,133,38%,38%
54,apartment,4,1,91,0,no,html/img/houses/54.JPG," T4 of 91m² located on the ground floor of a small collective. Entrance with cupboard, separate fitted kitchen (storage, extractor hood), living room extended by a pleasant terrace, 3 bedrooms, fitted cupboards, bathroom and separate WC. The apartment is rented with a cellar and a closed box in the secure basement. Well located, the residence allows quick access to the Jules Verne bus stop (line C6), Dargent (line 9, STAR network) and the city ​​center including on foot. Metro line B to come.",901,3,0,1,0,0,0,1,1,0,0,0,0,0,1167,266,29%,29%
55,apartment,4,1,88,3,no,html/img/houses/55.JPG,"Type 4 apartment in a beautiful old building completely renovated located on the 3rd and last floor without lift comprising: entrance-hallway, two bedrooms with parquet floors, a living room-living room facing south on parquet floors, a separate fitted kitchen and equipped with a hood and an induction hob, a toilet with washbasin, a shower room - a bathroom.",1340,3,0,0,1,1,0,0,0,0,0,0,0,0,1150,-190,-14%,14%
56,studio,1,1,20,2,yes,html/img/houses/56.JPG,"Located in a quiet area, near the University of Rennes 1 and close to public transport. we offer this studio consisting of a living room with cupboard, an equipped kitchenette and a bathroom. You also have access to the parking lot of the residence.",405,2,1,1,1,0,0,0,0,1,0,0,0,1,469,64,16%,16%
57,apartment,2,1,49,0,no,html/img/houses/57.JPG,"Residence located on the left bank of the Vilaine in the Arsenal-Redon district, a 20-minute walk from Place de la République. Taking advantage of the tranquility of the banks of the Vilaine, just 400 m on foot, the district offers a pleasant and lively living environment thanks to the many services and local shops. T2 apartment of 49 m² with a terrace of 19.3 m². It consists of an entrance, a fitted kitchen opening onto a beautiful living room and opening onto the terrace. You will also enjoy a bedroom and a bathroom (vanity unit, mirror, heated towel rail, WC).",600,3,0,0,0,0,1,0,1,0,0,1,0,0,575,-25,-4%,4%
58,studio,1,1,28,2,no,html/img/houses/58.JPG,"In the heart of the Alphonse Guérin district on Avenue Sergent Maginot, this studio is located less than 50m from the C6 and C4 bus lines connecting the city center, Villejean and Beaulieu. Facing south with a view of the courtyard, we offer this renovated and very functional apartment comprising an entrance hall, a main room with a balcony, a kitchenette, a shower room. ",490,2,0,1,0,1,1,0,1,0,0,0,0,0,501,11,2%,2%
59,studio,1,1,12,3,no,html/img/houses/59.JPG,"Close to the city center, quick access to the ring roads. Quiet studio under the roof. Located in a small building, apartment comprising a main room with kitchenette, bathroom and parking space. ",329,2,0,1,0,0,1,0,0,1,0,0,0,0,401,72,22%,22%
60,apartment,3,1,68,2,yes,html/img/houses/60.JPG,"ORPI Rennes Aristide Briand offers you for rent this very beautiful apartment type 3 Bis of 69 m² comprising entrance hall, west-facing living room, fitted and equipped kitchen, office space, 2 bedrooms, shower room with wc, cellar. Parking nearby very easy.",870,3,1,0,1,0,0,1,0,1,0,0,0,0,964,94,11%,11%
61,studio,1,1,36,0,yes,html/img/houses/61.JPG,"10 minutes walk from the city center, 5 min by bus from Beaulieu, spacious furnished studio with fitted and equipped kitchen, washing machine, living room with dining area, living room, sleeping area, bathroom.",565,2,1,1,1,0,1,0,0,0,0,0,0,0,650,85,15%,15%
62,studio,1,1,23,1,yes,html/img/houses/62.JPG,"Ideally located close to the city center and transport, studio-type apartment comprising an entrance with cupboard, a living room with kitchen area, shower room with wc.",474,2,1,1,0,0,1,0,0,0,0,0,0,0,555,81,17%,17%
63,apartment,4,1,92,14,no,html/img/houses/63.JPG,"With a panoramic view of the historic center, discover this bright apartment comprising an entrance hall with cupboard, a living room with balcony, a fitted and equipped kitchen with loggia, two bedrooms, a dressing room, a bathroom and separate wc. ",1300,3,0,1,1,0,1,0,1,0,0,0,0,0,1147,-153,-12%,12%
64,apartment,4,1,86,5,yes,html/img/houses/64.JPG,"Located at the foot of the Colombier shops, the metro and close to the city center, discover this apartment comprising an entrance hall, a living room with balcony, an equipped and fitted kitchen with balcony and rear kitchen, three bedrooms, a closet, a bathroom and separate toilets. You also benefit from a cellar in the basement. ",930,3,1,1,1,0,1,1,1,0,0,0,1,0,1076,146,16%,16%
65,studio,1,1,20,1,no,html/img/houses/65.JPG,"Ideally located near public transport, we offer this apartment consisting of a main room with kitchenette and a bathroom with toilet. You also benefit from a parking space. Heating, hot water and cold water are included in the provisions on charges. ",450,2,0,1,0,0,1,0,0,1,0,0,0,0,454,4,1%,1%
66,apartment,2,1,46,2,no,html/img/houses/66.JPG,"Residence located close to the shops of Gast. T2 apartment of 46m² located on the second floor. It is composed of an entrance, a living room opening onto an equipped kitchen (sink, cupboards, hob, extractor, oven, microwave), an 11m² loggia facing south, a bedroom with cupboard and a bathroom (shower, vanity unit and mirror). Individual gas heating.",590,3,0,0,1,0,1,0,0,0,0,0,0,0,587,-3,-1%,1%
67,studio,1,1,33,2,yes,html/img/houses/67.JPG,"Beautiful spacious unfurnished studio of 33 m², located on the 2nd floor of a recent luxury building (2006), in perfect condition, comprising: entrance with cupboards, beautiful bright room with open fitted kitchen, bathroom with WC. Individual electric heating (low consumption DPE/C). 1 private underground parking.",570,2,1,0,0,1,0,0,0,1,0,0,0,0,671,101,18%,18%
68,apartment,4,1,77,0,no,html/img/houses/68.JPG,"Duplex apartment of 77m² located on the ground floor of a recent residence. Kitchen open to living room, 3 bedrooms, bathroom and shower room, 2 WCs, wardrobe, private loggia at the entrance. The apartment is rented with a private parking space in the secure basement. Heating and hot water are included in the charges. Well located, the residence allows quick access to the Dargent bus stop (line 9, STAR network) and in the city center including on foot. Metro line B to come.",794,3,0,1,0,1,1,0,0,1,0,0,0,0,1003,209,26%,26%
69,room,5,1,93,3,yes,html/img/houses/68.JPG,"1 free room(s) in a 4-bedroom shared apartment in a 93m2 apartment A room is available now in this shared apartment This is a shared apartment for 4 people, in a beautiful 93 m2 apartment in Rennes, at 5 minutes walk from Le Blosne and Triangle metro. The city center is thus accessible in 5 minutes by metro, and the Villejean campus (Rennes 2 University) in 15 minutes.",415,3,1,1,0,0,1,0,0,0,1,0,0,1,704,289,70%,70%
70,apartment,2,1,29,9,yes,html/img/houses/70.JPG,"The apartment is bright thanks to its large bay window, has been renovated and tastefully furnished. It is composed of a large living room/dining room open to the fully equipped kitchen and a bedroom with its bathroom. ",660,3,1,0,1,1,0,0,0,0,0,0,0,0,660,0,0%,0%
71,apartment,3,1,64,5,no,html/img/houses/71.JPG,"Located 3 minutes walk from the JULES VERNE stop (line C6) and 7 minutes from the future COURROUZE station on line b of the metro, we offer this new apartment in the residence ONYX. On the fifth floor with elevator, this apartment is composed of an entrance with cupboard, a living room with open kitchen, a large west-facing terrace of 28m2, two bedrooms, a bathroom, a toilet. separated and a storeroom. You have a parking space in the basement of the residence. ",1045,3,0,1,0,1,1,0,0,1,0,0,0,0,867,-178,-17%,17%
72,apartment,3,1,56,2,yes,html/img/houses/72.JPG,"Pleasant one-bedroom apartment, facing South-South/West, on the 2nd floor (elevator) - It includes: entrance (with cupboards), living-dining room opening onto loggia, semi-open, fitted and equipped kitchen (plate 4 gas hob, oven, dishwasher location), two bedrooms, bathroom (shower, washbasin, heated towel rail, washing machine location) and separate WC. ",806,3,1,0,1,0,0,0,0,0,0,0,0,0,887,81,10%,10%
73,apartment,3,1,54,4,yes,html/img/houses/73.JPG," Consisting of an entrance, a living room with a loggia, a kitchen, two bedrooms, a bathroom. A parking place.",630,3,1,0,0,0,0,0,0,1,0,0,0,0,871,241,38%,38%
74,room,4,1,25,0,yes,html/img/houses/74.JPG, 1 bedroom furnished in a nice and very clean shared flat. Close to the University and all amenities.,490,3,1,1,0,0,1,0,0,0,1,0,0,1,92,-398,-81%,81%
75,apartment,3,1,85,3,no,html/img/houses/75.JPG,"Spacious type 3 inverted duplex of 85 m2 on the 3rd floor with elevator comprising an entrance with cupboard, 2 bedrooms, one with cupboard and terrace, shower room with wc, on the upstairs very nice living room / lounge on large West facing terrace, fitted and equipped open kitchen.",994,3,0,0,1,0,0,0,1,0,0,0,0,0,1015,21,2%,2%
76,room,4,1,60,3,yes,html/img/houses/76.JPG,"2 free room(s) in a 3-bedroom flatshare in a 60m2 apartment Friendly flatshare in the Sainte-Thérèse district, rue des Ecotais. You will be in peace, in a green environment with access to sports activities nearby: football/basketball fields, parks, sports courses... Furnished apartment of 60m², bright and refurbished, quality services.",495,3,1,0,0,1,0,0,0,0,1,1,0,0,596,101,20%,20%
77,apartment,2,1,40,6,yes,html/img/houses/77.JPG,"Located 3 minutes walk from the JULES VERNE stop (line C6) and 7 minutes from the future COURROUZE station on line b of the metro, we offer this recent apartment in the ONYX residence. On the sixth floor with lift, this apartment consists of a living room with open kitchen, a bedroom and a bathroom with toilet. East facing, overlooking the courtyard.",560,3,1,1,0,1,1,0,0,0,0,0,0,0,700,140,25%,25%
78,apartment,2,1,47,3,no,html/img/houses/78.JPG,"Very nice location, near faculty of law. - In a small condominium. Large T2 (46.57 m²) on the 3rd floor (no lift), comprising: entrance with cupboard, kitchen (13.19 m²) fitted and partially equipped (hob, small fridge), living room (12.09 m²), bedroom (12.47 m², with cupboards), shower room-WC (with space for washing machine). ",795,3,0,1,1,0,1,0,0,0,0,0,0,0,665,-130,-16%,16%
79,room,4,1,64,0,yes,html/img/houses/79.JPG,"Furnished room in shared flat in Villejean, very close to the University and all amenities. Friendly and clean roommate. Fiber. Free parking in front of the building. Possibility of APL. The room has about 12 m2. The property is located in the commune of Rennes. There are several schools (nursery, primary, elementary and college) within 10 minutes of the apartment. On the transport side, there are two metro lines a few steps from the property. Rennes-St-Jacques Airport is less than 6 km away. For your entertainment, you can count on a theater a few steps from the accommodation. There is also a post office, many restaurants and a university institute. Finally, 2 markets enliven the district. ",480,3,1,1,0,0,1,0,0,1,1,0,0,1,389,-91,-19%,19%
80,studio,1,1,14,5,yes,html/img/houses/80.JPG,"Furnished studio, close to shops, amenities, STAR bus, metro, living room, cupboards and storage. ",340,2,1,1,0,0,1,1,0,0,0,0,0,0,497,157,46%,46%
81,apartment,3,1,61,2,no,html/img/houses/81.JPG,"Residence very close to the city center of Rennes (10 minutes) located in a quiet and residential area with high-end services. Close to shops, CHR transport and the St Laurent clinic. Very nice 3-room apartment of 61.26 m² located on the 2nd floor with lift, west exposure. It consists of an entrance with cupboard, a fitted kitchen (worktop, storage, hob, extractor) open to a large living room giving access to a large 15.5 m² balcony, two bedrooms with parquet on the ground, a bathroom (vanity unit, mirror, shower) and separate WC.",715,3,0,1,0,0,1,0,1,0,0,0,0,0,787,72,10%,10%
82,studio,1,0,14,3,yes,html/img/houses/82.JPG,SMALL FURNISHED STUDIO WITH A SURFACE OF 14 M2 COMPRISING A MAIN ROOM WITH KITCHENETTE AREA - A SHOWER ROOM - COMMON WC ON THE LANDING VERY QUIET - GARDEN SIDE.,425,2,1,1,0,0,1,0,0,0,1,1,0,0,190,-235,-55%,55%
83,apartment,2,1,30,3,yes,html/img/houses/83.JPG,"Close to the city center, in a quiet and secure residence, an apartment with balcony and parking space, comprising an entrance hall, a fitted kitchen, a living room with a bedroom area, a bathroom.",540,3,1,1,0,0,1,0,1,1,0,0,0,0,540,0,0%,0%
84,apartment,4,1,78,0,yes,html/img/houses/84.JPG,"In the foot of the future Gayeulles metro station and shops, very beautiful furnished T4 of 78.88m² in a 2010 residence. On the ground floor, it offers: entrance with cupboard, beautiful living room opening onto a balcony of 5.63 m² facing south, open kitchen, corridor, 3 bedrooms with cupboards, bathroom and separate WC. Closed garage in secure basement and aerial parking space. Furniture. Living area: 78.88 m². ",1385,3,1,1,0,1,1,0,1,1,0,0,0,0,1031,-354,-26%,26%
85,studio,1,0,12,1,yes,html/img/houses/85.JPG,"Flatshare 2 furnished rooms with balcony, shared, in a T5 apartment with 3 other flatmates. Common rooms: hallway, fitted and equipped kitchen, large bathroom with washing machine and dryer, separate wc.",380,2,1,0,1,0,0,0,1,0,1,0,0,0,137,-243,-64%,64%
86,apartment,3,1,70,2,yes,html/img/houses/86.JPG,"Apartment located on the 2nd floor of a 1998 building, comprising an entrance hall, a living room opening onto a south-west facing terrace, a fitted and equipped kitchen, a utility room, 2 bedrooms, one with a closet, a bathroom and a separate WC. Individual heating (recent radiators), PVC double glazing, bicycle storage and fiber optics. Cellar and private parking in the secure basement. ",850,3,1,0,1,0,0,1,1,1,0,0,0,0,936,86,10%,10%
87,room,4,1,83,4,yes,html/img/houses/87.JPG,"We are looking for 1 roommate to integrate this nice renovated 83m2 apartment. Spacious and bright, it has everything to please: 4 furnished and bright bedrooms, nicely decorated living room with sofa armchair and TV, large windows, fully equipped kitchen, WIFI & Fiber, free parking and bike storage. To visit very quickly to put down your suitcases:) - Bréquigny district, near rue de Nantes - The apartment is located on the 4th floor with elevator and has a nice open view. ",420,3,1,0,1,1,0,0,0,1,1,0,0,0,752,332,79%,79%
88,apartment,2,1,39,3,yes,html/img/houses/88.JPG,"Very nice furnished T2 of 39m2 rue d'Antrain in a small building 2 minutes walk from the Saint Anne metro station. Composed of a kitchen entrance, large separate living room, bedroom, bathroom (shower) and separate WC.",725,3,1,1,0,0,1,0,0,0,0,0,0,0,668,-57,-8%,8%
89,apartment,2,1,59,1,no,html/img/houses/89.JPG,"On the 1st floor of a charming condominium, we offer a furnished one-bedroom apartment with a surface area of ​​58m2 located at 4 bis Rue la Motte Picquet in RENNES and close to all amenities. It consists of an entrance, a fitted kitchen, a living room with fireplace, a bedroom with closet and a bathroom with WC and storage.",835,3,0,1,0,0,1,0,0,0,0,0,0,0,752,-83,-10%,10%
91,room,4,1,68,2,yes,html/img/houses/91.JPG,"1 furnished room in shared apartment for 3 people - rue de Fougères in Rennes. Bright apartment facing south, it is occupied by Jean-Sebastien, 22 years old and Tristan, 20 years old. They are looking for 2 new flatmates :) In the heart of Rennes, on the 2nd floor with elevator of a secure residence, nice apartment of 68 m2 composed of: - 3 spacious bedrooms furnished with double bed, duvet and pillows, office and dressing room - fitted kitchen and equipped open to the living room (dishwasher, oven, microwave, fridge/freezer, crockery) - large 30m2 living room with sofa and TV - shower room - entrance with storage - loggia with washing machine - separate toilet - bike room - green spaces.  ",480,3,1,0,1,0,0,0,0,0,1,1,0,0,642,162,34%,34%
92,apartment,2,1,29,9,yes,html/img/houses/92.JPG,"Very nice T2 of 29m2 on the 9th floor with elevator. The apartment is bright thanks to its large bay window, has been renovated and tastefully furnished. It is composed of a large living room/dining room open to the fully equipped kitchen and a bedroom with its bathroom. ",630,3,1,0,1,1,0,0,0,0,0,0,0,0,660,30,5%,5%
93,apartment,2,1,41,3,yes,html/img/houses/93.JPG,"Apartment on the 3rd floor of a small collective, refurbished, with fitted kitchen, furnished bedroom, living room, shower room with wc and washing machine. Fully equipped kitchen with Nespresso, dishwasher, fridge/freezer, oven, microwave, crockery, kitchen utensils, frying pans, saucepans.",850,3,1,0,1,1,0,0,0,0,0,0,0,0,725,-125,-15%,15%
94,studio,1,1,24,5,yes,html/img/houses/94.JPG,"In the heart of the city center. Duplex studio on the top floor in a quiet secure building. Comprising a main room with kitchen area, bedroom on the mezzanine, bathroom. ",500,2,1,1,0,0,1,0,0,0,0,0,0,0,582,82,16%,16%
95,room,5,1,88,0,yes,html/img/houses/95.JPG,"Beautiful apartment (88 m²) free, furnished and tastefully decorated, on the ground floor. 4 rooms to share in a flatshare (room excluding charge 325E, charge: 75E) in the Italy district (Italy metro stop); the building is secure, intercom, with a badge at the entrance. It is located 50m from the Italy metro stop; 1 km from Alma shopping center; 15 mins from the city center and 30 mins from the universities. Open kitchen equipped: Oven, microwave, induction hob, extractor, combined fridge, toaster, coffee maker, etc.. We find in the apartment: TV, fridge, sofa, sideboard and sideboard, coffee table, dining table , Washing machine and storage, iron and ironing board, broom vacuum cleaner and all household essentials. Each room has a double bed, duvet, cushions and sheets. A desk. A (dressing) closet and storage. The doors each have a key lock. Shower room separated from the WC room and comprising a shower cubicle with sliding door, a radiator, a washbasin on a cupboard with storage units. The apartment has internet access and 3 balconies.",400,3,1,1,1,0,1,0,1,0,1,0,0,0,754,354,89%,89%
96,apartment,3,1,58,2,no,html/img/houses/96.JPG,"In recent residence, Type 3 of 58 m² on the 2nd floor with lift, including a living room opening onto a terrace, a fitted fitted kitchen area, a hallway, 2 bedrooms with fitted wardrobes, shower room, wc, gas heater, 2 covered parking spaces. ",725,3,0,0,0,1,0,0,1,1,0,0,0,0,795,70,10%,10%
97,room,5,1,84,2,yes,html/img/houses/97.JPG,"One bedroom is currently available in a building located at the foot of the Villejean-Université metro station, opposite Rennes 2 University, 4-bedroom flatshare in an 84m² apartment, on the 7th floor with lift.",400,3,1,1,0,0,1,0,0,0,1,0,0,1,628,228,57%,57%
98,apartment,3,2,70,0,no,html/img/houses/98.JPG,"We offer a two-bedroom apartment, located on the ground floor, comprising: an entrance with cupboard, a living room opening onto a balcony, a fully equipped kitchen, two bedrooms, one of which has a cupboard, a bathroom and a WC. ",790,3,0,0,1,0,0,0,1,0,0,0,0,0,785,-5,-1%,1%
99,apartment,3,1,63,3,no,html/img/houses/99.JPG,"2 steps from the metro and shops, bright entirely on parquet floor comprising entrance hall, living room, living room with balcony, fitted, separate fitted kitchen, 2 bedrooms + cupboards, bathroom. cellar. collective heating, hot water. ",715,3,0,1,0,0,1,1,1,0,0,0,0,0,802,87,12%,12%
100,apartment,4,1,73,3,no,html/img/houses/100.JPG,"In a green, booming area, beautiful spacious one-bedroom apartment with large living room opening onto a large south-facing terrace. Fitted kitchen, 2 bedrooms, bathroom, wc, cellar, garage. ",895,3,0,0,0,0,0,1,1,1,0,1,0,0,977,82,9%,9%
101,apartment,2,1,28,2,yes,html/img/houses/101.JPG,"10 minutes from the center of Rennes, a furnished and refurbished apartment which consists of a bright living room with open furnished and equipped kitchen (hood, hob, microwave, washing machine) a bathroom with separate wc and a bedroom.",560,3,1,1,1,1,1,0,0,0,0,0,0,0,583,23,4%,4%
102,studio,1,1,19,3,yes,html/img/houses/102.JPG,"Near the city center and the faculty of law, in a small collective, on the top floor, apartment with a floor area of ​​30 m² recently renovated and comprising entrance hall, living room, equipped kitchenette, bathroom.",435,2,1,1,1,1,1,0,0,0,0,0,0,0,540,105,24%,24%
103,studio,1,1,23,1,no,html/img/houses/103.JPG,"2 steps from the beaulieu campus, pleasant studio including a living room, an equipped kitchen, a bathroom, a dressing room, a cellar and an outdoor parking space; all the comforts to succeed in your studies in a calm environment.",415,2,0,1,1,0,1,1,0,1,0,0,0,0,470,55,13%,13%
104,apartment,2,1,52,4,no,html/img/houses/104.JPG,"Located in the pottery district, a pleasant renovated type 3 apartment with parquet floor comprising entrance hall with cupboard, bright living room, fitted kitchen, 2 bedrooms, shower room and a cellar.",670,3,0,0,0,1,0,1,0,0,0,0,0,0,750,80,12%,12%
105,apartment,3,1,55,0,no,html/img/houses/105.JPG,"It includes an entrance, a living room, a fitted and equipped kitchen (hood, plates), two bedrooms, a shower room with WC. Cellar, attic, bike room.",716,3,0,0,1,0,0,1,0,0,0,0,0,0,800,84,12%,12%
106,studio,1,1,23,3,no,html/img/houses/106.JPG,"Located Quai de la Prévalaye, in a quiet and secure condominium on the edge of the Vilaine, 23m² studio on the 3rd and last floor without lift comprising a living room with kitchenette area and storage cupboard. Bathroom with bath and washing machine, separate WC.",457,2,0,1,0,0,1,0,0,0,0,0,0,0,501,44,10%,10%
107,apartment,3,1,57,2,no,html/img/houses/106.JPG,"In a recent luxury residence, a 3-room apartment of 57.24 m². It includes a living room with a fitted and equipped kitchen area, a loggia, two bedrooms, one of which has a loggia, a bathroom, a toilet with washbasin.",790,3,0,0,1,1,0,0,0,0,0,0,0,0,841,51,6%,6%
108,studio,1,1,27,1,no,html/img/houses/108.JPG,"On the 1st floor of a small condominium, studio, 27 m², living room facing south, fitted and equipped kitchen area (hob, fridge), bathroom with WC. Electric heating. Private outdoor parking.",480,2,0,0,1,0,0,0,0,1,0,0,0,0,542,62,13%,13%
109,apartment,3,1,65,1,no,html/img/houses/109.JPG,"Available immediately Located near the Jacques Cartier metro station, discover this crossing apartment composed of an entrance, a kitchen with balcony, a living room with balcony, two bedrooms, a bathroom and separate wc. You also benefit from a cellar and a garage.",700,3,0,1,0,0,1,1,1,1,0,0,0,0,795,95,14%,14%
110,apartment,3,1,56,3,no,html/img/houses/110.JPG,"Recent luxury residence, located in the Beaulieu Baud district. Located on the 3rd floor, this beautiful apartment of 60.65 m² consists of an entrance hall with cupboard, a living room opening onto a fitted kitchen area (storage furniture, hob, extractor) and extended by a terrace of 17.3 m². You will also enjoy 2 bedrooms and a bathroom with sink and heated towel rail. Individual gas heating. A garage and a private parking space complete this property. ",758,3,0,0,0,1,0,0,1,1,0,0,0,0,784,26,3%,3%
111,apartment,2,1,36,1,no,html/img/houses/111.JPG,"Recent one-bedroom apartment of 36.5 m², located on the 1st floor of a luxury building. Bright living room opening onto a small balcony, separate fitted kitchen, 1 bedroom and a shower room with WC. Private parking space in the basement.",675,3,0,0,0,1,0,0,1,1,0,0,0,0,558,-117,-17%,17%
112,apartment,2,1,68,8,no,html/img/houses/112.JPG,"Spacious Type 2 of 68 m2 on the 8th floor with lift comprising an entrance hall with cupboard, a fitted/equipped kitchen (hob and oven), a south-facing living room with a south-facing balcony, a bedroom, a bathroom and a toilet.",820,3,0,0,1,0,0,0,1,0,0,0,0,0,847,27,3%,3%
113,apartment,3,1,62,1,yes,html/img/houses/113.JPG,"Type three apartment with a living area of ​​61.50 M² located on the 1st floor with elevator comprising: entrance hall, living room opening onto balcony, kitchen, two bedrooms, wc, bathroom, terrace of 10.60 M² Individual electric heating.",750,3,1,0,0,0,0,0,1,0,0,0,0,0,888,138,18%,18%
114,apartment,4,2,88,3,no,html/img/houses/114.JPG,"Type 4 apartment in a beautiful old building completely renovated located on the 3rd and last floor without lift comprising: entrance-hallway, two bedrooms with parquet floors, a living room-living room facing south on parquet floors, a separate fitted kitchen and equipped with a hood and an induction hob, a toilet with washbasin, a shower room - a bathroom. ",1340,3,0,0,1,1,0,0,0,0,0,0,0,0,1054,-286,-21%,21%
115,studio,1,1,20,2,no,html/img/houses/115.JPG,"Near the University of Rennes 1 and close to public transport. We offer this studio consisting of a living room with cupboard, an equipped kitchenette and a bathroom. You also have access to the parking lot of the residence and to the laundry. ",405,2,0,1,1,0,1,0,0,1,0,0,0,1,306,-99,-24%,24%
116,apartment,2,1,48,1,yes,html/img/houses/116.JPG,"We offer this large two-room apartment, consisting of a living room with balcony, a fitted kitchen and a bedroom with balcony. You also benefit from parking .",630,3,1,0,0,0,0,0,1,1,0,0,0,0,707,77,12%,12%
117,apartment,2,1,46,2,no,html/img/houses/117.JPG," Discover this recent apartment composed of a large bright living room opening onto a large balcony, a fitted and equipped open kitchen, a bedroom and a bathroom with wc. Also benefit from an indoor parking space.",560,3,0,0,1,1,0,0,1,1,0,0,0,0,640,80,14%,14%
118,studio,1,1,36,0,yes,html/img/houses/118.JPG," 10 minutes walk from the city center, 5 min by bus from Beaulieu, spacious furnished studio with fitted and equipped kitchen, washing machine, living room with dining area, living room, sleeping area, bathroom.",565,2,1,1,1,0,1,0,0,0,0,0,0,0,650,85,15%,15%
119,apartment,3,1,53,2,no,html/img/houses/119.JPG,"Rue St-Martin, 10 min walk from the Sainte-Anne metro station, 3-room apartment comprising an entrance hall with storage, large living room and dining room opening onto a balcony, separate kitchen, bedroom, shower room, WC and collective parking. ",750,3,0,1,0,0,1,0,1,1,0,0,0,0,711,-39,-5%,5%
120,studio,1,1,21,4,yes,html/img/houses/120.JPG,"Ideally located in the center of rennes and at the same time quiet, come and discover this furnished studio offering the charm of the old and the comfort of a recent renovation with 1 living room and open fitted kitchen, shower room . ",522,2,1,1,0,0,1,0,0,0,0,0,0,0,553,31,6%,6%
121,apartment,2,1,40,6,no,html/img/houses/121.JPG,"Ideally located in the center of rennes and at the same time quiet, come and discover this furnished studio offering the charm of the old and the comfort of a recent renovation with 1 living room and open fitted kitchen, shower room . ",565,3,0,1,0,0,1,0,0,0,0,0,0,0,626,61,11%,11%
122,apartment,2,1,49,5,no,html/img/houses/122.JPG,"Close to shops and amenities, apartment on the top floor facing south with open view and comprising an entrance, a living room, a kitchen, a shower room. cellar on the landing, parking heating, collective hot & cold water.  ",725,3,0,1,0,0,1,1,0,1,0,0,0,0,674,-51,-7%,7%
123,apartment,2,1,39,3,yes,html/img/houses/123.JPG,"New secure residence located in RENNES close to all amenities. Ideal students or young professionals. Large and beautiful NEW T2 of 39.35 m² located on the 3rd floor with lift. It consists of a large living room opening onto an equipped kitchenette (sink, sink unit, hob, top fridge and storage units), a bedroom and a bathroom (shower, cabinet basin, mirror and WC). Heating and water included in the charges.",661,3,1,1,1,1,1,0,0,0,0,0,0,0,675,14,2%,2%
124,studio,1,1,25,2,yes,html/img/houses/124.JPG,"Discover this studio ideally located near the Beaulieu university campus and the Gayeulles park. The apartment includes a main room, a fitted kitchen and a shower room with wc. You also benefit from a parking space within the condominium.",430,2,1,1,0,0,1,0,0,1,0,1,0,1,427,-3,-1%,1%
125,apartment,2,1,68,8,no,html/img/houses/125.JPG,"Town center, near Les Halles, Spacious Type 2 of 68 m2 on the 8th floor with lift comprising an entrance hall with cupboard, a fitted/equipped kitchen (hob and oven), a south-facing living room with a south-facing balcony, a bedroom, a bathroom and a toilet. Collective heating and cold water. Very nice open view. ",820,3,0,1,1,0,1,0,1,0,0,0,0,0,812,-8,-1%,1%
126,studio,1,1,20,2,yes,html/img/houses/126.JPG,"Located in a quiet area, near the University of Rennes 1 and close to public transport. we offer this studio consisting of a living room with cupboard, an equipped kitchenette and a bathroom. You also have access to the parking lot of the residence and to the laundry. ",405,2,1,1,1,0,1,0,0,1,0,0,0,1,370,-35,-9%,9%
127,apartment,2,1,36,1,no,html/img/houses/127.JPG,"Recent one-bedroom apartment of 36.5 m², located on the 1st floor of a luxury building. Bright living room opening onto a small balcony, separate fitted kitchen, 1 bedroom and a shower room with WC. Private parking space in the basement.",675,3,0,0,0,1,0,0,1,1,0,0,0,0,558,-117,-17%,17%
128,studio,1,1,24,2,no,html/img/houses/128.JPG,"In the heart of the Alphonse Guérin district on Avenue Sergent Maginot, this studio is located less than 50m from the C6 and C4 bus lines connecting the city center, Villejean and Beaulieu. Facing south with a view of the courtyard, we offer this renovated and very functional apartment comprising an entrance hall, a main room with a balcony, a kitchenette, a shower room. You also benefit from a private garage.",490,2,0,1,0,1,1,0,1,1,0,0,0,0,457,-33,-7%,7%
129,apartment,2,1,44,12,no,html/img/houses/129.JPG,"Modern residence in the heart of the Baud Chardonnet eco-district and a stone's throw from the Place de la République, facing the Vilaine. T2 apartment of 44.84 m² on a high floor with lift, very bright with a loggia of 13.10 m². It consists of a living room with an equipped kitchen area (sink, oven, fridge, electric hob, extractor, high and low storage) opening onto the loggia, a bedroom, a bathroom (shower, washbasin and vanity unit) and separate WC.",605,3,0,1,1,0,1,0,0,0,0,0,0,0,685,80,13%,13%
130,apartment,4,1,84,2,no,html/img/houses/130.JPG," Entrance, living room, fitted kitchen, 3 bedrooms (including 1 with cupboards), bathroom, WC. Closed garage. Cellar. Gas heating.",875,3,0,0,0,0,0,1,0,1,0,0,0,0,1087,212,24%,24%
131,studio,1,1,16,1,yes,html/img/houses/131.JPG,"It is a charming furnished studio that is available for rent from April 11th! Perfect for a student, but also for an employee... the studio is perfectly equipped and allows you to settle in quickly! Ideally located at the foot of the universities of Beaulieu, it also benefits from proximity to shops and the town centre. ",470,2,1,1,0,0,1,0,0,0,0,0,0,0,499,29,6%,6%
132,apartment,5,1,82,8,no,html/img/houses/132.JPG,"Bright, crossing type 5 apartment comprising: an entrance hall, a double living room facing west, a fitted and equipped kitchen, 3 bedrooms, 2 of which have fitted wardrobes, a shower room, WC, cellar. Quiet and green environment, easy parking.",880,3,0,0,1,0,0,1,0,1,0,1,0,0,1172,292,33%,33%
133,studio,5,1,17,5,no,html/img/houses/133.JPG,"In a recent residence located a stone's throw from the station, discover this apartment on the 5th floor, not overlooked, offering an entrance hall, a living room with kitchenette and a shower room with wc. access to a shared laundry and bike storage. ",470,2,0,1,0,1,1,0,0,0,0,0,0,0,703,233,50%,50%
134,apartment,2,1,28,4,yes,html/img/houses/134.JPG,"In the Le Grand Collège residence located in the heart of Rennes, close to transport and shops, come and discover this furnished duplex apartment consisting of a living room, a kitchenette area, a bedroom with trundle bed on the mezzanine and a bathroom with wc. ",550,3,1,1,0,0,1,0,0,0,0,0,0,0,585,35,6%,6%
135,apartment,3,1,75,10,no,html/img/houses/135.JPG,"Near downtown Rennes, come and discover this superb T3 overlooking the Vilaine including a large living room on a south-facing balcony, a fitted and equipped kitchen, two bedrooms with fitted wardrobes, a bathroom with bath and shower, a cellar, a covered outdoor parking space.",1085,3,0,0,1,0,0,1,0,1,0,0,0,0,995,-90,-8%,8%
136,apartment,3,1,60,3,no,html/img/houses/136.JPG,"On the top floor, 3-room apartment of 60 m² including, living room on SOUTH balcony, fitted and equipped kitchen (hood + hob + oven), 2 bedrooms, bathroom, WC, loggia and plenty of storage . You also have a cellar and a private parking space. ",690,3,0,0,1,0,0,1,1,1,0,0,0,0,798,108,16%,16%
137,apartment,2,1,37,0,yes,html/img/houses/137.JPG," In the sought-after district of Saint-Hélier and 600 meters from the line A metro station and within a year the second line (B). Small collective from the 1950s, clean and in good condition. Come and discover this type 2 furnished apartment on the raised ground floor with an area of ​​approximately 37.5 m². It includes an entrance and its hallway, a living room with a fitted and equipped kitchen area, a separate bedroom, a bathroom.  ",659,3,1,1,1,0,1,0,0,0,0,0,0,0,634,-25,-4%,4%
138,apartment,3,1,60,3,yes,html/img/houses/138.JPG," In a recent residence, discover this apartment comprising an entrance hall with cupboard, a living room with a fitted kitchen and a long balcony, two bedrooms, one of which has a cupboard, a bathrooms and separate toilets. You also benefit from a cellar and two parking spaces.",727,3,1,0,0,1,0,1,1,1,0,0,0,0,874,147,20%,20%
139,studio,1,1,18,3,yes,html/img/houses/139.JPG,"On the Place Saint-Michel. in a very beautiful building completely renovated. Pleasant furnished duplex studio in a quiet courtyard side, comprising an entrance hall, main room with kitchen area, shower room, bedroom upstairs.",490,2,1,1,0,1,1,0,0,0,0,0,0,0,535,45,9%,9%
140,studio,1,1,29,5,no,html/img/houses/140.JPG,"In a secure residence with caretaker, on the top floor, bright renovated apartment with balcony, parking space comprising entrance hall, living room, fitted kitchen, dressing room, bathroom. cellar heating, collective waters.",550,2,0,0,0,1,0,1,1,1,0,0,0,0,540,-10,-2%,2%
141,apartment,2,1,40,6,no,html/img/houses/141.JPG,"Close to shops and amenities, apartment on the top floor facing south with open view and comprising an entrance, a living room, a kitchen, a shower room. cellar on the landing, parking heating, collective hot & cold water. ",565,3,0,0,0,0,1,1,0,1,0,0,0,0,543,-22,-4%,4%
142,apartment,3,1,70,1,yes,html/img/houses/142.JPG,"In the historic center, in a building overlooking a quiet courtyard, large 3-room apartment comprising a main room, 2 bedrooms, a hallway, a kitchen, a bathroom. ",735,3,1,1,0,0,1,0,0,0,0,0,1,0,924,189,26%,26%
143,studio,1,1,20,1,no,html/img/houses/143.JPG,"In the area of ​​beaulieu, in a student and secure residence, located next to the faculties, a studio comprising a main room with an equipped kitchen, a bathroom. ",440,2,0,0,1,0,0,0,0,0,0,0,0,1,348,-92,-21%,21%
144,studio,1,1,12,3,no,html/img/houses/144.JPG,"Close to the city center, quick access to the ring roads. Quiet studio under the roof. Located in a small building, apartment comprising a main room with kitchenette, bathroom and parking space.",329,2,0,1,0,1,0,0,0,1,0,0,0,0,510,181,55%,55%
145,apartment,4,2,73,3,no,html/img/houses/145.JPG,"in a green, booming area, beautiful spacious one-bedroom apartment with large living room opening onto a large south-facing terrace. heating and water included in the charges. fitted kitchen, 2 bedrooms, bathroom, wc, cellar, garage.",895,3,0,0,0,0,0,1,1,1,0,1,0,0,881,-14,-2%,2%
146,apartment,4,1,92,14,no,html/img/houses/146.JPG,"With a panoramic view of the historic center, discover this bright apartment comprising an entrance hall with cupboard, a living room with balcony, a fitted and equipped kitchen with loggia, two bedrooms, a dressing room, a bathroom and separate wc. Heating, hot water and cold water are included in the provisions on charges. You also benefit from a cellar and a secure basement garage.",1300,3,0,0,1,0,0,1,1,1,0,0,1,0,1126,-174,-13%,13%
147,studio,1,1,19,0,no,html/img/houses/147.JPG,"In the immediate vicinity of the Place des Lices, discover this studio consisting of an entrance with cupboard, a main room with kitchenette and a shower room with wc. Cold water is included in the provisions for charges.",420,2,0,1,0,0,1,0,0,0,0,0,0,0,454,34,8%,8%
148,apartment,2,1,44,0,yes,html/img/houses/148.JPG,"Decorated with taste, you will be seduced by its SOUTH-facing terrace without vis-à-vis, its living room with high ceilings, its fitted and equipped open kitchen, its bedroom with large dressing room, its bathroom and its separate toilet. The apartment is provided with a washing machine, garden furniture and a parking space in the basement. ",690,3,1,0,1,0,0,0,0,1,0,1,0,0,727,37,5%,5%
149,studio,1,1,17,3,no,html/img/houses/149.JPG,"In a secure residence at the foot of the University of Beaulieu and the Chateaubriand high school, pleasant 18 m² studio located on the 3rd and last floor, renovated, consisting of a main room with kitchenette area and shower room/WC. Heating, water and electricity in the charges. Quiet, green spaces. ",430,2,0,0,0,1,0,0,0,0,0,1,0,1,362,-68,-16%,16%
150,apartment,4,1,75,3,yes,html/img/houses/150.JPG,"South-facing furnished apartment with 4 bedrooms; two of which with balcony. In common, a fitted kitchen, a bathroom with double sink and washing machine outlet, a separate toilet. A walk-in closet. A cave. Easy to park at the bottom of the building. ",1510,3,1,0,0,0,0,1,1,1,0,0,0,0,1041,-469,-31%,31%
151,studio,1,0,10,3,yes,html/img/houses/151.JPG,"A double bed, a closet and a desk. FREE Places shared with the room: Entrance, fitted and equipped kitchen, living room, bathroom, separate toilet and balcony.",405,2,1,0,1,0,0,0,1,0,1,0,0,0,131,-274,-68%,68%
152,studio,1,1,30,6,no,html/img/houses/152.JPG,"T1 bis apartment of 30m², comprising: entrance with cupboards, a living room with fitted and equipped kitchen and balcony, a sleeping area with a second balcony, view of the villa, a shower room, WC, laundry room and cellar. ",515,2,0,0,1,0,0,1,1,0,0,0,0,0,553,38,7%,7%
153,studio,1,1,25,0,yes,html/img/houses/153.JPG,"Rennes - Clinique St Yves sector In a small condominium, come and visit this charming one-bedroom apartment of approx. 25 m² furnished It consists of a living room with large storage cupboard, a separate fitted and equipped kitchen, a shower room and separate toilet. All complemented by a large cellar and a garden area. ",570,2,1,0,1,0,0,1,0,0,0,1,0,0,607,37,7%,7%
154,apartment,2,1,45,2,no,html/img/houses/154.JPG,"Boulevard de Verdun, in an old house, Cogir Immobilier offers you this type of 3-room apartment of 46 m². and 58 m² on the ground, on the 2nd and last floor. It consists of an entrance, a living room, a separate kitchen, two bedrooms, a dressing room, an office and a bathroom with separate WC. Rented with cellar and garage. ",730,3,0,0,0,0,0,1,0,1,0,0,0,0,663,-67,-9%,9%
155,studio,1,1,19,0,yes,html/img/houses/155.JPG," In the immediate vicinity of the city center and public transport, a furnished studio of 19.12 m², including an entrance with cupboard, a main room with balcony, an equipped kitchen area, a bathroom. with WC. Heating, hot and cold water in the charges.",450,2,1,1,1,0,1,0,1,0,0,0,0,0,471,21,5%,5%
156,studio,1,0,21,1,yes,html/img/houses/156.JPG," Furnished studio, in a small collective, living room, equipped kitchenette, digicode, location: private parking",430,2,1,0,1,0,0,0,0,1,0,0,0,0,654,224,52%,52%
157,apartment,2,1,30,3,yes,html/img/houses/157.JPG,"ideally located near the train station and the city center, in a small collective, type 2 comprising an entrance, a living room with kitchen, a bedroom, a bathroom, a cellar. ",585,3,1,1,0,0,1,1,0,0,0,0,0,0,590,5,1%,1%
158,apartment,3,1,62,4,yes,html/img/houses/158.JPG,"In the heart of the historic center, in a character building, type 3 duplex apartment renovated with fitted and equipped kitchen, entrance, living room with kitchen, 2 bedrooms, bathroom, wc. ",985,3,1,0,1,1,0,0,0,0,0,0,1,0,917,-68,-7%,7%
159,apartment,3,1,64,1,no,html/img/houses/159.JPG,"For rent, rue Pierre Roy, a type 3 apartment of 64.54 m² completely renovated in a quiet and green area near the Landry park comprising an entrance with cupboard, a fitted and equipped kitchen (ceramic hob and extractor), a stay on balcony, two rooms, a bathroom, a TOILET, a cellar and a garage. ",775,3,0,0,1,1,0,1,1,1,0,1,0,0,845,70,9%,9%
160,studio,1,1,23,1,no,html/img/houses/160.JPG,"In the heart of a shopping area, in a recent building, bright apartment with balcony and covered parking. Compend: an entrance with cupboard, a living room with kitchen area, a bathroom with wc. ",520,2,0,1,0,1,1,0,1,1,0,0,0,0,444,-76,-15%,15%
161,room,5,1,83,12,no,html/img/houses/161.JPG,"COLOCATION room On the 12th floor with its breathtaking view of Rennes and its surrounding countryside. Beautiful apartment with nice volumes. At the foot of the metro triangle, city center in 15 minutes. Modern kitchen, bedroom with lock, storage cupboard and office. ",422,3,0,1,0,0,1,0,0,0,1,0,0,0,756,334,79%,79%
162,studio,1,0,15,2,yes,html/img/houses/162.JPG,"Furnished room with shared fitted and equipped kitchen, shared bathroom, 1 shared toilet, close to shops, STAR bus, metro, school.",360,2,1,1,1,0,1,0,0,0,1,0,0,0,175,-185,-51%,51%
163,studio,1,1,15,1,yes,html/img/houses/163.JPG,"furnished room, location: air parking, green spaces, close to shops, STAR bus, SNCF train station",450,2,1,1,0,0,1,0,0,1,0,1,0,0,494,44,10%,10%
164,apartment,5,1,105,4,yes,html/img/houses/164.JPG,"Very nice and well maintained apartment with 4 bedrooms on the 4th floor, a spacious living room with good ceiling height (3m - all rooms) and large windows give an open and comfortable feeling of space, a modern kitchen with a decor of 2017 and a tiled bathroom",1150,3,1,0,0,1,0,0,0,0,0,0,0,0,1414,264,23%,23%
165,studio,1,1,21,2,yes,html/img/houses/165.JPG,"ideal for lovers of the city center pleasant furnished type 1 apartment comprising a living room with Murphy bed, fitted kitchen and a bathroom. ",605,2,1,1,0,0,1,0,0,0,0,0,0,0,544,-61,-10%,10%
166,studio,1,1,21,2,yes,html/img/houses/166.JPG,"5 minutes from the JF Kennedy metro station, Flatlooker offers you a room for rent in Square de Champagne. Located on the 2nd floor without elevator, this room in a renovated apartment will be rented to you furnished. The entrance leads into a corridor leading to the different rooms and has a large closet. The kitchen is separate and fully equipped: sink, hob, hood, oven, fridge, freezer and plenty of storage cupboards. It offers a television, a table and four chairs. It also has a pantry with storage. The bedroom has a double bed, a bedside table, a bedside lamp, a desk, a chair and a large closet with hanging space and shelves. This room has access to the balcony. The bathroom has a walk-in shower, sink, mirror and storage unit. The toilets are separate.",395,2,1,1,1,1,1,1,1,0,0,0,0,0,501,106,27%,27%
167,studio,1,1,24,6,yes,html/img/houses/167.JPG,"New secure residence located in RENNES close to all amenities. Ideal students or young professionals. Very nice NEW apartment of 23.90 m² fully FURNISHED located on the 6th floor with lift. It consists of a large living room opening onto an equipped kitchenette (sink, sink unit, hob, top fridge and storage units) and a bathroom (shower, washbasin unit, mirror and WC ). Heating and water included in the charges.",580,2,1,1,1,0,1,0,0,0,0,0,0,0,585,5,1%,1%
168,apartment,1,1,54,1,no,html/img/houses/168.JPG,"FOR RENT, Alphonse Guérin district, 3-room apartment consisting of a separate fitted kitchen, a living room with balcony, two bedrooms, a shower room and WC, an attic, a cellar. ",756,3,0,0,0,0,0,1,1,0,0,0,0,0,640,-116,-15%,15%
169,apartment,2,1,31,1,yes,html/img/houses/169.JPG,"Located in the heart of Rennes city center with bus, metro and shops nearby. Beautiful fully furnished duplex apartment type 2 comprising a living room with a fitted and equipped kitchen. Upstairs you will find a bright bedroom and a bathroom with wc.",675,3,1,1,1,0,1,0,0,0,0,0,0,0,592,-83,-12%,12%
170,studio,1,1,23,0,no,html/img/houses/170.JPG,"Rue Adolphe Touffait, discover this apartment of approximately 23m2 including an entrance with cupboard, a main room with kitchen area (kitchenette equipped with a fridge and hotplates) opening onto a south-facing balcony, a bathroom with wc. ",460,2,0,1,1,0,1,0,1,0,0,0,0,0,439,-21,-5%,5%
171,studio,1,1,20,0,no,html/img/houses/171.JPG,"20m² studio, located near the Faculty of Law on the ground floor, it includes a living room, a fitted and equipped kitchen (hob, fridge, extractor), a bathroom with wc.",430,2,0,1,1,0,1,0,0,0,0,0,0,0,459,29,7%,7%
172,apartment,2,1,34,2,yes,html/img/houses/172.JPG,"Type 2 apartment of 34.15m² including an entrance with cupboard, a living room, a fitted and equipped kitchen area (hob, fridge), a bedroom with cupboard, a bathroom and a toilet separate. The apartment is rented with a garage in the basement.",550,3,1,0,1,0,0,0,0,1,0,0,0,0,642,92,17%,17%
173,apartment,4,1,107,1,no,html/img/houses/173.JPG,"Very beautiful furnished apartment of 107 m² located on the first floor of a quiet condominium close to shops and transport. It consists of a corridor leading to a living room, two beautiful bedrooms, an office, a fitted and equipped kitchen, a bathroom, a WC and a storeroom.",1300,3,0,1,1,0,1,1,0,0,0,0,0,0,1240,-60,-5%,5%
174,studio,1,1,20,1,yes,html/img/houses/174.JPG,"Staying at Appart'City means rediscovering the comfort and well-being of home, plus the services! We offer fully equipped studios: kitchen area with fridge, hotplates, microwave, coffee maker/kettle and dishwasher; TV; Wireless; office and private bathroom. You will also find on-site hotel services and services that will make your life easier: breakfast, sale of snacks and drinks to take away, laundry, parking. ",600,2,1,0,1,0,0,0,0,1,0,0,0,0,550,-50,-8%,8%
175,studio,1,1,24,3,no,html/img/houses/175.JPG,"Studio 11 rue du bois Perrin 3rd floor Entrance hall with large cupboard, main room, fitted kitchen area, cupboard, hallway, bathroom, wc, parking. Heating, cold water and hot water included in the charges ",500,2,0,0,0,0,0,0,0,1,0,0,0,0,531,31,6%,6%
176,studio,1,1,12,2,yes,html/img/houses/176.JPG,"Studio Rue Alphonse Guerin A main room, an equipped kitchenette, a shower room, wc, cupboard. Quiet, close to shops and bus 12.",390,2,1,1,1,0,1,0,0,0,0,0,0,0,470,80,20%,20%
177,studio,1,1,16,0,no,html/img/houses/177.JPG,31 RUE LOUIS GUILLOUX PONT ROBERT SCHUMAN NEAR AGROCAMPUS 15 M² 79 ON THE 1ST FLOOR PARKING KIT EQUIPPED WITH ELECTRIC HEATING,405,2,0,1,1,0,1,0,0,1,0,0,0,0,415,10,2%,2%
178,studio,1,0,11,1,yes,html/img/houses/178.JPG,"Rennes Villejean - rue de Picardie Fully furnished type 4 apartment of 76.1 m² comprising an entrance hall, a living room with south-facing balcony, a fitted and equipped kitchen (hob, micro -waves, fridge), a shower room and a WC. In the immediate vicinity of the university, metro, bus, shops and main roads. BEDROOM 3: 10.95 m²: Rent: 450 euros all charges included (Water, Electricity, Heating, Internet) ",450,2,1,1,1,0,1,0,0,0,0,0,0,1,401,-49,-11%,11%
179,studio,1,1,30,6,no,html/img/houses/179.JPG,"Large 30 m² studio including 1 living room + fitted cupboard and kitchenette, 1 shower room. Individual electric heating. ",417,2,0,1,0,0,1,0,0,0,0,0,0,0,571,154,37%,37%
180,apartment,3,1,57,0,yes,html/img/houses/180.JPG,"Recently renovated furnished 3-room apartment with living room and balcony, open fitted kitchen, loggia, 2 bedrooms, shower room. collective heating. ",900,3,1,0,0,1,0,0,1,0,0,0,0,0,854,-46,-5%,5%
181,apartment,3,1,54,1,yes,html/img/houses/181.JPG,"Apartment Type T3 furnished and equipped, located in a pleasant and well located environment comprising living room, 2 bedrooms, fitted and equipped kitchen, bathroom water, separate wc, digicode, close to the Anatole France metro and all amenities. ",789,3,1,1,1,0,1,0,0,0,0,0,0,0,832,43,5%,5%
182,apartment,2,1,42,2,no,html/img/houses/182.JPG,"t2 composed of: an entrance with dressing room, living room, fitted kitchen, bedroom with storage and shower room. outdoor parking collective heating and hot water. ",545,3,0,0,0,0,0,0,0,1,0,0,0,0,645,100,18%,18%
183,apartment,2,1,41,3,yes,html/img/houses/183.JPG,"Type 2 apartment, on the 3rd floor, comprising an entrance, a kitchen living room, a bedroom, a shower room/wc, cupboards, a balcony, covered parking. ",560,3,1,0,0,0,0,0,1,1,0,0,0,0,661,101,18%,18%
184,apartment,2,1,25,3,no,html/img/houses/184.JPG,"On the 3rd and last floor of a 1995 condominium, duplex apartment of 25.30 m2 (29.14 m2 on the ground) including an entrance with cupboard and kitchenette, a living room, and a bathroom with WC. Upstairs, a mezzanine bedroom. Private parking in the basement and bicycle storage.",580,3,0,0,0,0,0,0,0,1,0,0,0,0,515,-65,-11%,11%
185,apartment,3,1,75,3,yes,html/img/houses/185.JPG,"THREE-ROOM APARTMENT WITH BALCONY For rent: discover this 3-room apartment of 75 m², in the city of Rennes (35200). It is located on the 3rd floor of a building. To enjoy sunny days, this apartment has a balcony. A cellar offers this accommodation additional storage space. This property is rented with a garage. The apartment is in the commune of Rennes. There are several schools (kindergarten, primary, elementary and college) within 10 minutes of the apartment. As for public transport, there are two metro lines a few steps from the property. ",1200,3,1,1,0,0,1,1,1,1,0,0,0,0,948,-252,-21%,21%
186,studio,1,1,34,4,yes,html/img/houses/186.JPG,"Cogir Immobilier offers you this T1 Bis located on the François Mitterrand mail on the top floor of a beautiful condominium. The apartment is composed of an entrance, living room with cupboard, storage room, fitted kitchen, bathroom with WC and a garage. Washing machine connection.",540,2,1,1,0,0,1,0,0,1,0,0,0,0,644,104,19%,19%
187,apartment,4,1,95,23,no,html/img/houses/187.JPG,"Come and discover at Côme Immobilier this superb West-facing apartment type 4 of 95 M² tastefully decorated, located on the 23rd floor of the emblematic building of RENNES whose architecture was designed by GEORGES MAILLOLS. It is a stone's throw from the town center and the lices market. This property consists of an entrance with cupboard, two bedrooms with cupboards, a bathroom with walk-in shower, a fully fitted and equipped kitchen, a large living room with a breathtaking view of the city.",1550,3,0,0,1,1,0,0,0,0,0,0,0,0,1304,-246,-16%,16%
188,apartment,3,1,62,6,no,html/img/houses/188.JPG,"Close to shops, 10 min walk from villejean metro, t3 facing south with living room, fitted and equipped kitchen opening onto a balcony, 2 bedrooms, bathroom, underground parking. collective heating and hot water.",810,3,0,1,1,0,1,0,1,1,0,0,0,0,800,-10,-1%,1%
189,studio,1,1,20,2,yes,html/img/houses/189.JPG,"At the heart of the Beaulieu campus, we offer this studio on the 3rd and last floor of a small collective. This quiet and not overlooked apartment consists of an entrance, a main room with a kitchenette and a bathroom with toilet. The furniture is left at your disposal.",420,2,1,0,0,0,0,0,0,0,0,0,0,1,419,-1,0%,0%
190,apartment,2,1,60,2,yes,html/img/houses/190.JPG,"It is offered for rent a modern apartment renovated, furnished and equipped, with 1 double and luxurious bedroom, and 1 very spacious bathroom.",750,3,1,0,1,1,0,0,0,0,0,0,0,0,871,121,16%,16%
191,studio,1,1,26,5,yes,html/img/houses/191.JPG,"A stone's throw from Place de Bretagne, large bright studio with balcony, view of Vilaine. comprising an entrance with cupboard, a living room with fitted kitchen area, a bathroom with wc. ",500,2,1,0,0,0,0,0,1,0,0,0,0,0,589,89,18%,18%
192,apartment,3,1,73,3,yes,html/img/houses/192.JPG,"Furnished two-bedroom apartment, sunny, double glazing, good insulation, location: private parking, cupboards and storage, local 2 wheels, close to shops, STAR bus, metro, possibility of shared accommodation. ",950,3,1,1,0,0,1,1,0,1,0,0,0,0,977,27,3%,3%
193,studio,1,1,20,0,yes,html/img/houses/193.JPG,"Furnished room, comfortable with shared fitted and equipped kitchen, shared bathroom, 1 shared toilet, close to shops, amenities, STAR bus. ",399,2,1,1,1,0,1,0,0,0,1,0,0,0,109,-290,-73%,73%
194,room,5,1,70,2,yes,html/img/houses/194.JPG,"2 furnished rooms in shared apartment for 3 people - Villejean University & Schools Shared apartment for 3 people in a nicely decorated and bright 70m2 apartment with balcony. Villejean district, near ring road.",430,3,1,0,0,0,0,0,1,0,1,0,0,0,658,228,53%,53%
195,apartment,8,2,114,2,no,html/img/houses/195.JPG,"Rennes Voltaire, renovated T8 house of approximately 114m², comprising on the ground floor, a living room with stove, a fitted kitchen, a laundry room, a toilet, on the 1st level: 4 bedrooms, 1 with private shower room, cupboards , bathroom, wc, office and on the 2nd level, a relaxation-leisure area of ​​approx. 46 m². Veranda, enclosed garden of around 250 m², garage, electric heating.",1815,3,0,0,0,0,0,0,1,1,0,1,0,0,1438,-377,-21%,21%
196,apartment,2,1,50,-1,no,html/img/houses/196.JPG,"T2 bis comprising: a living room with fitted kitchen, a living room, a bedroom, a bathroom with WC, cellar and attic.",650,3,0,0,0,0,0,1,0,0,0,0,0,0,700,50,8%,8%
197,apartment,2,1,36,-1,yes,html/img/houses/197.JPG,"Located in the Gare district, close to transport and shops, in a residence located a stone's throw from the station on the North side. Come and discover this type 1 Bis furnished apartment, comprising an entrance hall, a fitted and equipped kitchen (fridge, hob, washing machine), a living room, a bedroom, a shower room with WC.",635,3,1,1,1,0,1,0,0,0,0,0,0,0,621,-14,-2%,2%
198,apartment,6,2,104,-1,no,html/img/houses/198.JPG,"104m² pavilion with pretty enclosed garden with trees. Entrance hall, bright living room, separate kitchen, 4 bedrooms (including one on the ground floor), 2 separate WCs, bathroom, shower room, cupboards .Rented with a garage (not attached).",1159,3,0,0,0,0,0,0,0,1,0,1,0,0,1272,113,10%,10%
199,apartment,2,1,32,2,yes,html/img/houses/199.JPG,"Furnished one-bedroom apartment, comprising living room, fitted and equipped kitchen, 1 bedroom.",610,3,1,0,1,0,0,0,0,0,0,0,0,0,639,29,5%,5%
200,studio,1,1,20,3,no,html/img/houses/200.JPG,"Studio, close to shops, amenities, STAR bus, living room, location: air parking.",480,2,0,1,0,0,1,0,0,1,0,0,0,0,464,-16,-3%,3%
201,apartment,5,1,91,0,yes,html/img/houses/201.JPG,"Located near the Villejean metro station, UNIVERSITE RENNES 2, buses and shops. Come and discover this beautiful furnished type 5 apartment on the raised ground floor in a 1960s building. It offers you an entrance hall, a fitted and equipped kitchen (hood, hob, oven, microwave, dishwasher, fridge, washing machine) and a living room. In the sleeping area, you will find a hallway with cupboard, 4 bedrooms (TV, wardrobe, single bed and desk) and a bathroom.",1770,3,1,1,1,0,1,0,0,0,0,0,0,0,1236,-534,-30%,30%
